EffectiveDate,LoanNumber,CustomerName,AccountTypeDescription,PrincipalBalance,OriginationDate,MaturityDate,OriginalLoanAmount,CommitmentAmount,Late30Days,Late60Days,Late90Days,InterestRate,AccruedInterest,RateTypeIndexDescription,RateMargin,EscrowBalance,BranchCode,BranchDescription
7/31/2021,105420,Nancy R Beck,Share Monthly Pay,0,3/27/2016,3/27/2031,45015,0,0,0,0,0.0305,0,Default Fixed Rate,0,0,350,Loan Servicing
7/31/2021,105834,Christopher F Croley,Residential Const & Dev,0,4/12/2019,4/12/2033,374500,374500,0,0,0,0.055,0,Wall St. Journal Prime Rate,0.005,0,320,Construction Lending
7/31/2021,105991,Christopher F Croley,Residential Const & Dev,172000,4/6/2019,4/6/2035,172000,172000,0,0,0,0.055,943.87,Wall St. Journal Prime Rate,0.005,0,320,Construction Lending
7/31/2021,106189,Christopher F Croley,Residential Const & Dev,185000,4/6/2019,4/6/2031,185000,185000,0,0,0,0.055,1065.19,Wall St. Journal Prime Rate,0.005,0,320,Construction Lending
7/31/2021,106197,Christopher F Croley,Residential Const & Dev,0,4/12/2017,4/12/2032,293000,293000,0,0,0,0.055,0,Wall St. Journal Prime Rate,0.005,0,320,Construction Lending
7/31/2021,106204,Stewart M Williams,Share Single Pay,0,3/27/2016,3/27/2034,45230,0,0,0,0,0.0725,0,Default Fixed Rate,0,0,350,Loan Servicing
7/31/2021,106212,Christopher F Croley,Residential Const & Dev,290500,4/6/2019,4/6/2036,290500,290500,0,0,0,0.055,1660.9,Wall St. Journal Prime Rate,0.005,0,320,Construction Lending
7/31/2021,106220,Christopher F Croley,Residential Const & Dev,306000,4/6/2018,4/6/2033,306000,306000,0,0,0,0.055,1753,Wall St. Journal Prime Rate,0.005,0,320,Construction Lending
7/31/2021,107525,Steven P Bowers,Residential Const & Dev,278800,3/23/2020,3/23/2031,278800,278800,0,0,0,0.0575,301.13,Wall St. Journal Prime Rate,0.0075,0,320,Construction Lending
7/31/2021,107682,Steven P Bowers,Residential Const & Dev,0,3/23/2016,3/23/2028,280500,280500,0,0,0,0.0575,0,Wall St. Journal Prime Rate,0.0075,0,320,Construction Lending
7/31/2021,107921,Steven P Bowers,Residential Const & Dev,0,3/29/2019,3/29/2028,315000,315000,0,0,0,0.0575,0,Wall St. Journal Prime Rate,0.0075,0,320,Construction Lending
7/31/2021,107939,Steven P Bowers,Residential Const & Dev,0,3/29/2019,3/29/2029,259000,259000,0,0,0,0.0575,0,Wall St. Journal Prime Rate,0.0075,0,320,Construction Lending
7/31/2021,107947,"Texas First Choice Home Builders, LP",Residential Const & Dev,378000,3/29/2019,3/29/2030,378000,378000,0,0,0,0.06,2224.52,Wall St. Journal Prime Rate,0.0075,0,320,Construction Lending
7/31/2021,109125,Hisako C Woods,Residential Const & Dev,187000,3/26/2016,3/26/2028,187000,187000,0,0,0,0.0575,1105.79,Wall St. Journal Prime Rate,0.005,0,320,Construction Lending
7/31/2021,109232,Hisako C Woods,Residential Const & Dev,204000,3/26/2020,3/26/2034,204000,204000,0,0,0,0.0575,225.97,Wall St. Journal Prime Rate,0.005,0,320,Construction Lending
7/31/2021,109935,Maria A Hammel,Residential Const & Dev,662600,4/5/2018,4/5/2034,662600,662600,0,0,0,0.0575,302.81,Wall St. Journal Prime Rate,0.005,0,320,Construction Lending
7/31/2021,110726,Jeffrey K Watson,Residential Const & Dev,0,3/26/2018,3/26/2032,246000,246000,0,0,0,0.0575,0,Wall St. Journal Prime Rate,0.005,0,320,Construction Lending
7/31/2021,110932,Gretchen L Johnson,Residential Const & Dev,371000,4/2/2016,4/2/2031,371000,371000,0,0,0,0.055,332.27,Wall St. Journal Prime Rate,0.005,0,320,Construction Lending
7/31/2021,110974,Gretchen L Johnson,Residential Const & Dev,0,4/2/2017,4/2/2028,485000,485000,0,0,0,0.055,0,Wall St. Journal Prime Rate,0.005,0,320,Construction Lending
7/31/2021,111576,Christopher F Croley,Residential Const & Dev,305500,4/3/2016,4/3/2035,305500,305500,0,0,0,0.055,1734.13,Wall St. Journal Prime Rate,0.005,0,320,Construction Lending
7/31/2021,111633,Christopher F Croley,Residential Const & Dev,257500,4/3/2018,4/3/2031,257500,257500,0,0,0,0.055,1463.47,Wall St. Journal Prime Rate,0.005,0,320,Construction Lending
7/31/2021,111922,Joyce E Ingham,Residential Const & Dev,261000,4/3/2020,4/3/2029,261000,261000,0,0,0,0.055,235.57,Wall St. Journal Prime Rate,0.005,0,320,Construction Lending
7/31/2021,111972,Joyce E Ingham,Residential Const & Dev,253000,4/3/2017,4/3/2034,253000,253000,0,0,0,0.055,278.3,Wall St. Journal Prime Rate,0.005,0,320,Construction Lending
7/31/2021,112178,Luther S Johnson,Share Monthly Pay,493.87,4/4/2016,4/4/2034,1000,0,1,0,0,0.0245,0.43,Default Fixed Rate,0,0,350,Loan Servicing
7/31/2021,114778,Sammie C Bowen,Share Monthly Pay,503.37,4/6/2020,4/6/2034,1000,0,0,0,0,0.0245,0.94,Default Fixed Rate,0,0,350,Loan Servicing
7/31/2021,116120,Hisako C Woods,Residential Const & Dev,0,3/26/2016,3/26/2028,202000,202000,0,0,0,0.0575,0,Wall St. Journal Prime Rate,0.005,0,320,Construction Lending
7/31/2021,116229,Billy J Christen,Share Monthly Pay,0,4/9/2018,4/9/2033,1000,0,0,0,0,0.0245,0,Default Fixed Rate,0,0,350,Loan Servicing
7/31/2021,117376,Maggie J Thomas,Share Monthly Pay,503.08,4/10/2017,4/10/2029,1000,0,0,0,0,0.0245,0.95,Default Fixed Rate,0,0,4,Lees Summit
7/31/2021,117384,Larry J Nix,Share Monthly Pay,725.98,4/10/2017,4/10/2033,1015,0,0,0,0,0.0245,1.41,Default Fixed Rate,0,0,82,Independence
7/31/2021,118770,Guillermo J Butler,Residential Const & Dev,0,4/12/2020,4/12/2029,136000,136000,0,0,0,0.055,0,Wall St. Journal Prime Rate,0.005,0,320,Construction Lending
7/31/2021,118829,Guillermo J Butler,Residential Const & Dev,157200,4/12/2018,4/12/2034,157200,157200,0,0,0,0.055,1180.99,Wall St. Journal Prime Rate,0.005,0,320,Construction Lending
7/31/2021,118879,Guillermo J Butler,Loan Sold Servicing Released,0,4/12/2019,4/12/2032,157200,157200,0,0,0,0.055,0,Wall St. Journal Prime Rate,0.005,0,320,Construction Lending
7/31/2021,118895,Guillermo J Butler,Residential Const & Dev,131750,4/12/2017,4/12/2035,131750,131750,0,0,0,0.055,933.34,Wall St. Journal Prime Rate,0.005,0,320,Construction Lending
7/31/2021,118928,Raul C Koons,Share Monthly Pay,0,4/12/2019,4/12/2034,5015,0,0,0,0,0.027,0,Default Fixed Rate,0,0,350,Loan Servicing
7/31/2021,118936,Guillermo J Butler,Residential Const & Dev,131750,4/12/2019,4/12/2034,131750,131750,0,0,0,0.055,741.85,Wall St. Journal Prime Rate,0.005,0,320,Construction Lending
7/31/2021,119372,Maurice C Ross,Residential Const & Dev,199800,5/11/2019,5/11/2033,199800,199800,0,0,0,0.055,1068.31,Wall St. Journal Prime Rate,0.005,0,320,Construction Lending
7/31/2021,119380,Maurice C Ross,Residential Const & Dev,0,5/11/2020,5/11/2029,212500,212500,0,0,0,0.055,0,Wall St. Journal Prime Rate,0.005,0,320,Construction Lending
7/31/2021,119398,Merit Homes Corp.,Residential Const & Dev,318750,4/20/2017,4/20/2028,318750,318750,0,0,0,0.055,1883.03,Wall St. Journal Prime Rate,0.00125,0,320,Construction Lending
7/31/2021,119405,Kathleen B Coronel,Residential Const & Dev,0,4/20/2019,4/20/2036,280000,280000,0,0,0,0.0575,0,Wall St. Journal Prime Rate,0.005,0,320,Construction Lending
7/31/2021,119413,Gretchen L Johnson,Residential Const & Dev,488750,4/30/2017,4/30/2031,488750,488750,0,0,0,0.055,242.28,Wall St. Journal Prime Rate,0.005,0,320,Construction Lending
7/31/2021,119421,Maryanne T Perry,Residential Const & Dev,0,4/18/2016,4/18/2035,229500,229500,0,0,0,0.055,0,Wall St. Journal Prime Rate,0.005,0,320,Construction Lending
7/31/2021,119471,Maryanne T Perry,Residential Const & Dev,0,4/18/2018,4/18/2030,174250,174250,0,0,0,0.055,0,Wall St. Journal Prime Rate,0.005,0,320,Construction Lending
7/31/2021,119489,Maryanne T Perry,Residential Const & Dev,212500,4/18/2019,4/18/2034,212500,212500,0,0,0,0.055,212.64,Wall St. Journal Prime Rate,0.005,0,320,Construction Lending
7/31/2021,119497,Maryanne T Perry,Residential Const & Dev,0,4/18/2019,4/18/2035,191250,191250,0,0,0,0.055,0,Wall St. Journal Prime Rate,0.005,0,320,Construction Lending
7/31/2021,120121,Sylvia C Banks,Share Monthly Pay,903.91,4/13/2016,4/13/2029,1205,0,0,0,0,0.0245,1.39,Default Fixed Rate,0,0,350,Loan Servicing
7/31/2021,120379,Joann K Williams,Share Monthly Pay,5925.45,4/13/2020,4/13/2034,7340,0,0,0,0,0.0245,5.95,Default Fixed Rate,0,0,350,Loan Servicing
7/31/2021,122424,Lucille J Barnette,Residential Const & Dev,270500,4/17/2017,4/17/2036,270500,270500,0,0,0,0.055,1001.84,Wall St. Journal Prime Rate,0.005,0,320,Construction Lending
7/31/2021,122523,Lucille J Barnette,Residential Const & Dev,293500,4/17/2019,4/17/2029,293500,293500,0,0,0,0.055,1466.08,Wall St. Journal Prime Rate,0.005,0,320,Construction Lending
7/31/2021,122771,Thomas S Schroeder,Residential Const & Dev,433400,4/17/2016,4/17/2031,433400,433400,0,0,0,0.055,224.52,Wall St. Journal Prime Rate,0.005,0,320,Construction Lending
7/31/2021,123521,Maryanne T Perry,Residential Const & Dev,0,4/27/2016,4/27/2034,201000,201000,0,0,0,0.055,0,Wall St. Journal Prime Rate,0.005,0,320,Construction Lending
7/31/2021,123589,Maryanne T Perry,Residential Const & Dev,212500,4/27/2019,4/27/2036,212500,212500,0,0,0,0.055,210.02,Wall St. Journal Prime Rate,0.005,0,320,Construction Lending
7/31/2021,123620,Maryanne T Perry,Residential Const & Dev,187000,4/27/2018,4/27/2029,187000,187000,0,0,0,0.055,287.45,Wall St. Journal Prime Rate,0.005,0,320,Construction Lending
7/31/2021,124024,Jeffrey K Watson,Residential Const & Dev,266000,5/8/2019,5/8/2030,266000,266000,0,0,0,0.0575,251.65,Wall St. Journal Prime Rate,0.005,0,320,Construction Lending
7/31/2021,124074,Jeffrey K Watson,Residential Const & Dev,264000,5/8/2017,5/8/2033,264000,264000,0,0,0,0.0575,1338.5,Wall St. Journal Prime Rate,0.005,0,320,Construction Lending
7/31/2021,124123,David T Thorne,Residential Const & Dev,0,5/15/2019,5/15/2030,248200,248200,0,0,0,0.055,0,Wall St. Journal Prime Rate,0.005,0,320,Construction Lending
7/31/2021,124727,Merit Homes Corp.,Residential Const & Dev,360300,5/9/2018,5/9/2028,360300,360300,0,0,0,0.055,2078.4,Wall St. Journal Prime Rate,0.00125,0,320,Construction Lending
7/31/2021,124777,Merit Homes Corp.,Residential Const & Dev,376500,5/9/2019,5/9/2031,376500,376500,0,0,0,0.055,1816.65,Wall St. Journal Prime Rate,0.00125,0,320,Construction Lending
7/31/2021,126723,Patrick Y Redmon,Share Monthly Pay,502.91,4/23/2018,4/23/2036,1000,0,0,0,0,0.0245,0.57,Default Fixed Rate,0,0,4,Lees Summit
7/31/2021,126799,Charlie L Sawyer,Share Single Pay,1080,4/23/2017,4/23/2033,1080,0,0,0,0,0.0245,14.17,Default Fixed Rate,0,0,83,North Oak
7/31/2021,126921,Holly M Parrino,Share Monthly Pay,0,4/23/2018,4/23/2035,1015,0,0,0,0,0.0245,0,Default Fixed Rate,0,0,9,St. Joseph
7/31/2021,127226,Guillermo J Butler,Residential Const & Dev,0,3/27/2016,3/27/2032,148750,148750,0,0,0,0.055,0,Wall St. Journal Prime Rate,0.005,0,320,Construction Lending
7/31/2021,127276,Guillermo J Butler,Residential Const & Dev,144500,3/27/2018,3/27/2031,144500,144500,0,0,0,0.055,1709.25,Wall St. Journal Prime Rate,0.005,0,320,Construction Lending
7/31/2021,127333,Guillermo J Butler,Residential Const & Dev,158000,3/27/2020,3/27/2035,158000,158000,0,0,0,0.055,1763.92,Wall St. Journal Prime Rate,0.005,0,320,Construction Lending
7/31/2021,128224,Carol J Moss,Share Monthly Pay,2648.03,4/25/2020,4/25/2036,2915,0,0,0,0,0.0245,3.54,Default Fixed Rate,0,0,350,Loan Servicing
7/31/2021,128430,David T Thorne,Residential Const & Dev,201450,5/15/2020,5/15/2028,201450,201450,0,0,0,0.055,1151.01,Wall St. Journal Prime Rate,0.005,0,320,Construction Lending
7/31/2021,129222,Guillermo K Hopper,Residential Const & Dev,246500,5/10/2019,5/10/2032,246500,246500,0,0,0,0.055,1415.19,Wall St. Journal Prime Rate,0.005,0,320,Construction Lending
7/31/2021,129272,Guillermo K Hopper,Residential Const & Dev,289000,5/10/2020,5/10/2032,289000,289000,0,0,0,0.055,1657.4,Wall St. Journal Prime Rate,0.005,0,320,Construction Lending
7/31/2021,129280,Guillermo K Hopper,Residential Const & Dev,274550,5/10/2017,5/10/2031,274550,274550,0,0,0,0.055,1599.95,Wall St. Journal Prime Rate,0.005,0,320,Construction Lending
7/31/2021,129321,Guillermo K Hopper,Residential Const & Dev,263500,5/10/2019,5/10/2032,263500,263500,0,0,0,0.055,1525.16,Wall St. Journal Prime Rate,0.005,0,320,Construction Lending
7/31/2021,129347,Guillermo K Hopper,Residential Const & Dev,233750,5/10/2020,5/10/2030,233750,233750,0,0,0,0.055,1403.98,Wall St. Journal Prime Rate,0.005,0,320,Construction Lending
7/31/2021,129355,Maryanne T Perry,Residential Const & Dev,174000,6/18/2020,6/18/2028,174000,174000,0,0,0,0.055,162.14,Wall St. Journal Prime Rate,0.005,0,320,Construction Lending
7/31/2021,129371,Maryanne T Perry,Residential Const & Dev,174000,6/18/2016,6/18/2030,174000,174000,0,0,0,0.055,183.78,Wall St. Journal Prime Rate,0.005,0,320,Construction Lending
7/31/2021,129579,Bertha W Maldonado,Share Monthly Pay,6954.01,4/27/2017,4/27/2029,9350,0,0,0,0,0.028,15.43,Default Fixed Rate,0,0,350,Loan Servicing
7/31/2021,129826,"Parke Place Homes, Inc.",Residential Const & Dev,2029200,5/8/2017,5/8/2028,2366700,2366700,0,0,0,0.055,32840.09,Default Fixed Rate,0,0,320,Construction Lending
7/31/2021,132324,Christopher F Croley,Residential Const & Dev,195000,7/2/2016,7/2/2033,195000,195000,0,0,0,0.055,862.57,Wall St. Journal Prime Rate,0.005,0,320,Construction Lending
7/31/2021,132423,Christopher F Croley,Residential Const & Dev,0,7/2/2018,7/2/2034,203000,203000,0,0,0,0.055,0,Wall St. Journal Prime Rate,0.005,0,320,Construction Lending
7/31/2021,132522,Ray S Butner,Share Monthly Pay,0,5/1/2018,5/1/2036,9015,0,0,0,0,0.028,0,Default Fixed Rate,0,0,350,Loan Servicing
7/31/2021,132829,Christopher F Croley,Residential Const & Dev,0,7/2/2016,7/2/2030,249000,249000,0,0,0,0.055,0,Wall St. Journal Prime Rate,0.005,0,320,Construction Lending
7/31/2021,133025,Gretchen L Johnson,Residential Const & Dev,353000,5/16/2019,5/16/2029,353000,353000,0,0,0,0.055,217.86,Wall St. Journal Prime Rate,0.005,0,320,Construction Lending
7/31/2021,133075,Gretchen L Johnson,Residential Const & Dev,253000,5/16/2020,5/16/2030,253000,253000,0,0,0,0.055,156.72,Wall St. Journal Prime Rate,0.005,0,320,Construction Lending
7/31/2021,133322,Steven P Bowers,Residential Const & Dev,201000,6/20/2020,6/20/2029,201000,201000,0,0,0,0.0575,184,Wall St. Journal Prime Rate,0.0075,0,320,Construction Lending
7/31/2021,133372,Steven P Bowers,Residential Const & Dev,188000,6/20/2017,6/20/2036,188000,188000,0,0,0,0.0575,167.01,Wall St. Journal Prime Rate,0.0075,0,320,Construction Lending
7/31/2021,134023,Jose S Nakashima,Share Monthly Pay,96244.19,5/4/2018,5/4/2029,100000,0,0,0,0,0.03,268.22,Default Fixed Rate,0,0,350,Loan Servicing
7/31/2021,135229,Guillermo J Butler,Residential Const & Dev,140250,5/16/2018,5/16/2036,140250,140250,0,0,0,0.055,2579.74,Wall St. Journal Prime Rate,0.005,0,320,Construction Lending
7/31/2021,135328,Guillermo J Butler,Residential Const & Dev,125750,7/2/2017,7/2/2034,125750,125750,0,0,0,0.055,1886.79,Wall St. Journal Prime Rate,0.005,0,320,Construction Lending
7/31/2021,135378,Guillermo J Butler,Residential Const & Dev,125750,7/2/2017,7/2/2030,125750,125750,0,0,0,0.055,1890.44,Wall St. Journal Prime Rate,0.005,0,320,Construction Lending
7/31/2021,137035,David T Thorne,Residential Const & Dev,184600,5/15/2017,5/15/2030,184600,184600,0,0,0,0.055,1017.52,Wall St. Journal Prime Rate,0.005,0,320,Construction Lending
7/31/2021,137770,Frances W Hopp,Share Monthly Pay,20783.15,5/8/2020,5/8/2029,22515,0,0,0,0,0.031,42.25,Default Fixed Rate,0,0,350,Loan Servicing
7/31/2021,138223,"NRG Efficient Homes, Inc.",Residential Const & Dev,244000,6/15/2016,6/15/2034,244000,244000,0,0,0,0.055,239.72,Wall St. Journal Prime Rate,0.005,0,320,Construction Lending
7/31/2021,138273,"NRG Efficient Homes, Inc.",Residential Const & Dev,243000,6/15/2016,6/15/2029,243000,243000,0,0,0,0.055,256.44,Wall St. Journal Prime Rate,0.005,0,320,Construction Lending
7/31/2021,139172,Michael M Dorsett,Consumer Closed End,99808.51,5/11/2018,5/11/2034,100000,0,0,0,0,0.055,419.99,Default Fixed Rate,0,0,350,Loan Servicing
7/31/2021,140575,David S King,Consumer Closed End,0,5/14/2017,5/14/2031,2548.5,0,0,0,0,0.07,0,Default Fixed Rate,0,0,350,Loan Servicing
7/31/2021,140624,Maryanne T Perry,Residential Const & Dev,0,6/18/2017,6/18/2035,174000,174000,0,0,0,0.055,0,Wall St. Journal Prime Rate,0.005,0,320,Construction Lending
7/31/2021,140674,Maryanne T Perry,Residential Const & Dev,0,6/18/2017,6/18/2033,227000,227000,0,0,0,0.055,0,Wall St. Journal Prime Rate,0.005,0,320,Construction Lending
7/31/2021,140731,Dorothy J Parrish,Share Single Pay,0,5/11/2019,5/11/2028,70535,0,0,0,0,0.0725,0,Default Fixed Rate,0,0,350,Loan Servicing
7/31/2021,141474,Mary T Smith,Share Monthly Pay,586.4,5/14/2020,5/14/2031,1000,0,0,0,0,0.0245,0.94,Default Fixed Rate,0,0,350,Loan Servicing
7/31/2021,141929,Jeffery D Case,Share Monthly Pay,0,5/14/2019,5/14/2035,3515,0,0,0,0,0.0275,0,Default Fixed Rate,0,0,350,Loan Servicing
7/31/2021,144171,Thomas S Schroeder,Residential Const & Dev,0,2/15/2018,2/15/2035,341000,341000,0,0,0,0.055,0,Wall St. Journal Prime Rate,0.005,0,320,Construction Lending
7/31/2021,146284,Michelle A Gardner,Share Monthly Pay,4887.32,5/23/2019,5/23/2033,6015,0,0,0,0,0.03,3.21,Default Fixed Rate,0,0,3,Excelsior Springs
7/31/2021,147224,David T Thorne,Residential Const & Dev,0,6/28/2016,6/28/2032,198000,198000,0,0,0,0.055,0,Wall St. Journal Prime Rate,0.005,0,320,Construction Lending
7/31/2021,147729,Michael L Byrd,Share Monthly Pay,0,5/25/2019,5/25/2036,26805,0,0,0,0,0.0245,0,Default Fixed Rate,0,0,3,Excelsior Springs
7/31/2021,149824,Guillermo J Butler,Residential Const & Dev,0,7/2/2017,7/2/2031,148750,148750,0,0,0,0.055,0,Wall St. Journal Prime Rate,0.005,0,320,Construction Lending
7/31/2021,149923,Guillermo J Butler,Residential Const & Dev,148750,7/2/2020,7/2/2029,148750,148750,0,0,0,0.055,2455.1,Wall St. Journal Prime Rate,0.005,0,320,Construction Lending
7/31/2021,149973,Guillermo J Butler,Residential Const & Dev,143650,7/2/2017,7/2/2030,143650,143650,0,0,0,0.055,1076.14,Wall St. Journal Prime Rate,0.005,0,320,Construction Lending
7/31/2021,151530,Jeffrey K Watson,Residential Const & Dev,199000,6/29/2016,6/29/2032,199000,199000,0,0,0,0.0575,152.61,Wall St. Journal Prime Rate,0.005,0,320,Construction Lending
7/31/2021,151572,Roseann D Perez,Share Monthly Pay,584.58,5/31/2017,5/31/2032,1000,0,0,0,0,0.0245,0.35,Default Fixed Rate,0,0,3,Excelsior Springs
7/31/2021,152827,Derek G Florence,Share Single Pay,0,5/31/2018,5/31/2034,45015,0,0,0,0,0.0725,0,Default Fixed Rate,0,0,3,Excelsior Springs
7/31/2021,152976,Guillermo K Hopper,Construction to Amortized,110173.74,5/3/2018,5/3/2028,133365,133365,0,0,0,0.0575,510.32,Default Fixed Rate,0,1725.52,320,Construction Lending
7/31/2021,153081,Guillermo K Hopper,Construction to Amortized,113897.53,5/3/2017,5/3/2031,153000,153000,0,0,0,0.0625,573.44,Default Fixed Rate,0,2576.83,320,Construction Lending
7/31/2021,153221,Guillermo K Hopper,Construction to Amortized,115968.98,5/3/2017,5/3/2028,136000,136000,0,0,0,0.0625,583.87,Default Fixed Rate,0,2354.95,320,Construction Lending
7/31/2021,153825,Derek G Florence,Share Single Pay,0,6/1/2017,6/1/2030,5015,0,0,0,0,0.0725,0,Default Fixed Rate,0,0,3,Excelsior Springs
7/31/2021,153875,Guillermo K Hopper,Construction to Amortized,117620.25,5/3/2019,5/3/2028,166557,166557,0,0,0,0.0575,544.81,Default Fixed Rate,0,2812.38,320,Construction Lending
7/31/2021,153883,Guillermo K Hopper,Construction to Amortized,107389.29,5/3/2017,5/3/2032,133365,133365,0,0,0,0.0575,497.42,Default Fixed Rate,0,1764.46,320,Construction Lending
7/31/2021,153891,Guillermo K Hopper,Construction to Amortized,118846.43,5/3/2017,5/3/2028,136000,136000,0,0,0,0.0625,598.36,Default Fixed Rate,0,2341.02,320,Construction Lending
7/31/2021,153908,Guillermo K Hopper,Construction to Amortized,138868.63,5/3/2020,5/3/2028,144500,144500,0,0,0,0.0625,699.16,Default Fixed Rate,0,2771.74,320,Construction Lending
7/31/2021,153916,Guillermo K Hopper,Construction to Amortized,118609.37,5/3/2019,5/3/2028,144500,144500,0,0,0,0.0625,597.17,Default Fixed Rate,0,2780.58,320,Construction Lending
7/31/2021,153924,Guillermo K Hopper,Construction to Amortized,140803.88,5/3/2020,5/3/2035,153000,153000,0,0,0,0.0625,708.91,Default Fixed Rate,0,2679.87,320,Construction Lending
7/31/2021,153932,Guillermo K Hopper,Construction to Amortized,132904.25,5/3/2020,5/3/2028,136000,136000,0,0,0,0.0625,669.14,Default Fixed Rate,0,1624.11,320,Construction Lending
7/31/2021,153940,Guillermo K Hopper,Construction to Amortized,88982.08,5/3/2019,5/3/2028,136000,136000,0,0,0,0.0625,448,Default Fixed Rate,0,2355.21,320,Construction Lending
7/31/2021,154170,"NRG Efficient Homes, Inc.",Residential Const & Dev,846000,6/8/2017,6/8/2036,984000,984000,0,0,0,0.055,904.75,Wall St. Journal Prime Rate,0.005,0,320,Construction Lending
7/31/2021,154948,Todd T Stoner,Share Monthly Pay,670.63,6/4/2017,6/4/2036,1000,0,0,0,0,0.0245,0.45,Default Fixed Rate,0,0,2,Grandview
7/31/2021,155871,Virginia J Dunkley,Share Monthly Pay,585.48,6/4/2016,6/4/2036,1000,0,0,0,0,0.0245,0.67,Default Fixed Rate,0,0,32,Platte City
7/31/2021,157231,Jeffrey K Watson,Residential Const & Dev,219000,6/29/2016,6/29/2034,219000,219000,0,0,0,0.0575,66.38,Wall St. Journal Prime Rate,0.005,0,320,Construction Lending
7/31/2021,157281,Jeffrey K Watson,Residential Const & Dev,203000,6/29/2016,6/29/2034,203000,203000,0,0,0,0.0575,63.97,Wall St. Journal Prime Rate,0.005,0,320,Construction Lending
7/31/2021,158677,Steven P Bowers,Residential Const & Dev,0,7/2/2017,7/2/2029,283000,283000,0,0,0,0.0575,0,Wall St. Journal Prime Rate,0.0075,0,320,Construction Lending
7/31/2021,158726,Steven P Bowers,Residential Const & Dev,0,7/2/2017,7/2/2029,248500,248500,0,0,0,0.0575,0,Wall St. Journal Prime Rate,0.0075,0,320,Construction Lending
7/31/2021,159328,Kelly A Weber,Residential Const & Dev,321300,7/3/2017,7/3/2028,321300,321300,0,0,0,0.055,1337.05,Wall St. Journal Prime Rate,0.005,0,320,Construction Lending
7/31/2021,159378,Kelly A Weber,Residential Const & Dev,355725,7/3/2020,7/3/2028,355725,355725,0,0,0,0.055,1445.05,Wall St. Journal Prime Rate,0.005,0,320,Construction Lending
7/31/2021,159477,Kelly A Weber,Residential Const & Dev,386750,7/3/2020,7/3/2029,386750,386750,0,0,0,0.055,1269.49,Wall St. Journal Prime Rate,0.005,0,320,Construction Lending
7/31/2021,159534,Kelly A Weber,Residential Const & Dev,337765,7/3/2020,7/3/2028,337765,337765,0,0,0,0.055,839.38,Wall St. Journal Prime Rate,0.005,0,320,Construction Lending
7/31/2021,159576,Kelly A Weber,Residential Const & Dev,360050,7/3/2020,7/3/2030,360050,360050,0,0,0,0.055,913.83,Wall St. Journal Prime Rate,0.005,0,320,Construction Lending
7/31/2021,160672,Gretchen L Johnson,Residential Const & Dev,369000,7/30/2017,7/30/2035,369000,369000,0,0,0,0.055,108.78,Wall St. Journal Prime Rate,0.005,0,320,Construction Lending
7/31/2021,160721,Gretchen L Johnson,Residential Const & Dev,341500,8/7/2016,8/7/2032,341500,341500,0,0,0,0.055,205.21,Wall St. Journal Prime Rate,0.005,0,320,Construction Lending
7/31/2021,161274,Thomas S Schroeder,Residential Const & Dev,279150,9/14/2016,9/14/2028,279150,279150,0,0,0,0.055,157.75,Wall St. Journal Prime Rate,0.005,0,320,Construction Lending
7/31/2021,162727,Darnell K Calderon,Share Monthly Pay,669.46,6/12/2017,6/12/2029,1000,0,0,0,0,0.0245,1.21,Default Fixed Rate,0,0,83,North Oak
7/31/2021,163874,Alexander L Bilderback,Share Monthly Pay,3742.41,6/14/2016,6/14/2031,5015,0,0,0,0,0.0245,6.76,Default Fixed Rate,0,0,8,Harrisonville
7/31/2021,165078,Suzanne P Jones,Share Single Pay,4015,6/16/2016,6/16/2036,4015,0,0,0,0,0.029,46.13,Default Fixed Rate,0,0,2,Grandview
7/31/2021,165573,Margaret S Moore,Share Monthly Pay,0,6/18/2016,6/18/2031,2915,0,0,0,0,0.03,0,Default Fixed Rate,0,0,2,Grandview
7/31/2021,167173,Jeffrey K Watson,Residential Const & Dev,205500,8/6/2016,8/6/2036,205500,205500,0,0,0,0.0575,550.22,Wall St. Journal Prime Rate,0.005,0,320,Construction Lending
7/31/2021,167272,Jeffrey K Watson,Residential Const & Dev,214000,8/6/2016,8/6/2033,214000,214000,0,0,0,0.0575,726.47,Wall St. Journal Prime Rate,0.005,0,320,Construction Lending
7/31/2021,167321,Jeffrey K Watson,Residential Const & Dev,259000,8/6/2018,8/6/2031,259000,259000,0,0,0,0.0575,33.62,Wall St. Journal Prime Rate,0.005,0,320,Construction Lending
7/31/2021,167371,Jeffrey K Watson,Residential Const & Dev,258000,8/6/2016,8/6/2036,258000,258000,0,0,0,0.0575,33.28,Wall St. Journal Prime Rate,0.005,0,320,Construction Lending
7/31/2021,167438,Jeffrey K Watson,Residential Const & Dev,357000,8/30/2016,8/30/2035,357000,357000,0,0,0,0.0575,27.27,Wall St. Journal Prime Rate,0.005,0,320,Construction Lending
7/31/2021,167537,Jeffrey K Watson,Residential Const & Dev,278800,8/2/2018,8/2/2034,278800,278800,0,0,0,0.0575,154.11,Wall St. Journal Prime Rate,0.005,0,320,Construction Lending
7/31/2021,167587,Jeffrey K Watson,Residential Const & Dev,199000,6/29/2019,6/29/2028,199000,199000,0,0,0,0.0575,158.34,Wall St. Journal Prime Rate,0.005,0,320,Construction Lending
7/31/2021,168379,Kelly A Weber,Residential Const & Dev,340000,7/11/2018,7/11/2031,340000,340000,0,0,0,0.055,1532.57,Wall St. Journal Prime Rate,0.005,0,320,Construction Lending
7/31/2021,168527,Maribel K Matthews,Share Monthly Pay,669.22,6/25/2016,6/25/2029,1000,0,0,0,0,0.0245,0.76,Default Fixed Rate,0,0,4,Lees Summit
7/31/2021,170788,Carl T Benner,Share Monthly Pay,668.8,6/25/2020,6/25/2029,1000,0,0,0,0,0.0245,1.08,Default Fixed Rate,0,0,29,Barry Road
7/31/2021,170861,Jeremy C Mclellan,Share Monthly Pay,5529.33,6/26/2017,6/26/2028,6225,0,0,0,0,0.0305,6.91,Default Fixed Rate,0,0,4,Lees Summit
7/31/2021,170978,Corie J Yarbrough,Residential Const & Dev,231500,8/2/2018,8/2/2032,231500,231500,0,0,0,0.055,1196.46,Wall St. Journal Prime Rate,0.005,0,320,Construction Lending
7/31/2021,171041,"NRG Efficient Homes, Inc.",Residential Const & Dev,0,7/19/2018,7/19/2036,194500,194500,0,0,0,0.055,0,Wall St. Journal Prime Rate,0.005,0,320,Construction Lending
7/31/2021,171075,Joseph K Marlow,Share Monthly Pay,669.52,6/26/2020,6/26/2031,1000,0,0,0,0,0.0245,0.58,Default Fixed Rate,0,0,29,Barry Road
7/31/2021,171273,Paula S Farrell,Fresh Start,515.86,6/26/2020,6/26/2032,773.82,0,0,0,0,0,0,Default Fixed Rate,0,0,350,Loan Servicing
7/31/2021,171413,Kimberly M Stillman,Share Single Pay,6525,6/28/2017,6/28/2036,6525,0,0,0,0,0.0275,65.21,Default Fixed Rate,0,0,2,Grandview
7/31/2021,171760,Aldo J Barfield,Share Monthly Pay,669.44,6/28/2020,6/28/2029,1000,0,0,0,0,0.0245,0.36,Default Fixed Rate,0,0,29,Barry Road
7/31/2021,171843,Tina J Almonte,Residential Const & Dev,412000,8/7/2020,8/7/2035,412000,412000,0,0,0,0.0575,194.37,Wall St. Journal Prime Rate,0.005,0,320,Construction Lending
7/31/2021,172304,Al M Marone,Share Monthly Pay,669.32,7/2/2016,7/2/2035,1000,0,0,0,0,0.0245,0.36,Default Fixed Rate,0,0,82,Independence
7/31/2021,172875,Richard D Dorn,Consumer Closed End,1929.72,7/5/2017,7/5/2036,2037.5,0,0,0,0,0.0775,12.26,Default Fixed Rate,0,0,4,Lees Summit
7/31/2021,172974,Anthony P Kennedy,Share Monthly Pay,663.83,7/6/2016,7/6/2028,1000,0,0,0,0,0.0245,0.44,Default Fixed Rate,0,0,2,Grandview
7/31/2021,172982,Benjamin A Hayes,Share Monthly Pay,752.33,7/9/2019,7/9/2033,1000,0,0,0,0,0.0245,1.51,Default Fixed Rate,0,0,83,North Oak
7/31/2021,173005,Larisa J Mclaughlin,Share Monthly Pay,669.39,7/6/2018,7/6/2032,1000,0,0,0,0,0.0245,0.09,Default Fixed Rate,0,0,2,Grandview
7/31/2021,173013,Christopher F Croley,Residential Const & Dev,310250,10/26/2016,10/26/2031,310250,0,0,0,0,0.055,0,Wall St. Journal Prime Rate,0.005,0,320,Construction Lending
7/31/2021,173039,Alana F Barlow,Consumer Closed End,4069.04,6/6/2018,6/6/2030,5000,0,0,0,0,0.05,9.45,Default Fixed Rate,0,0,350,Loan Servicing
7/31/2021,173089,Kelly A Weber,Residential Const & Dev,281350,8/2/2017,8/2/2035,281350,281350,0,0,0,0.055,1312.08,Wall St. Journal Prime Rate,0.00125,0,320,Construction Lending
7/31/2021,173154,Gretchen L Johnson,Residential Const & Dev,360661,7/30/2019,7/30/2031,360661,360661,0,0,0,0.055,109.84,Wall St. Journal Prime Rate,0.005,0,320,Construction Lending
7/31/2021,173162,Jeffrey K Watson,Residential Const & Dev,323000,8/1/2017,8/1/2028,323000,323000,0,0,0,0.0575,179.11,Wall St. Journal Prime Rate,0.005,0,320,Construction Lending
7/31/2021,173170,Jeffrey K Watson,Residential Const & Dev,328000,8/1/2019,8/1/2036,328000,328000,0,0,0,0.0575,197.65,Wall St. Journal Prime Rate,0.005,0,320,Construction Lending
7/31/2021,173906,Guillermo J Butler,Residential Const & Dev,143650,10/3/2017,10/3/2031,143650,143650,0,0,0,0.055,422.07,Wall St. Journal Prime Rate,0.005,0,320,Construction Lending
7/31/2021,173914,Guillermo J Butler,Residential Const & Dev,131750,10/3/2017,10/3/2029,131750,131750,0,0,0,0.055,445.79,Wall St. Journal Prime Rate,0.005,0,320,Construction Lending
7/31/2021,173930,Guillermo J Butler,Residential Const & Dev,143650,10/3/2019,10/3/2031,143650,143650,0,0,0,0.055,245.43,Wall St. Journal Prime Rate,0.005,0,320,Construction Lending
7/31/2021,173956,Guillermo J Butler,Residential Const & Dev,129200,10/3/2019,10/3/2029,129200,129200,0,0,0,0.055,299.47,Wall St. Journal Prime Rate,0.005,0,320,Construction Lending
7/31/2021,173964,Guillermo J Butler,Residential Const & Dev,157200,10/3/2017,10/3/2033,157200,157200,0,0,0,0.055,350.5,Wall St. Journal Prime Rate,0.005,0,320,Construction Lending
7/31/2021,174194,Joseph V Ramsey,Share Monthly Pay,8400.39,7/12/2017,7/12/2029,10815,0,0,0,0,0.0275,1.26,Default Fixed Rate,0,0,3,Excelsior Springs
7/31/2021,174459,Jeffrey K Watson,Residential Const & Dev,336000,9/20/2019,9/20/2035,336000,336000,0,0,0,0.0575,1.78,Wall St. Journal Prime Rate,0.005,0,320,Construction Lending
7/31/2021,174524,Tina J Almonte,Residential Const & Dev,387731,8/7/2018,8/7/2028,387731,387731,0,0,0,0.0575,145.01,Wall St. Journal Prime Rate,0.005,0,320,Construction Lending
7/31/2021,174904,Darrell J Blomberg,Share Monthly Pay,4144.92,7/16/2017,7/16/2032,4515,0,0,0,0,0.0305,10.36,Default Fixed Rate,0,0,82,Independence
7/31/2021,176025,Cynthia J Cline,Share Monthly Pay,17996.37,7/18/2020,7/18/2029,18015,0,0,0,0,0.03,35.4,Default Fixed Rate,0,0,2,Grandview
7/31/2021,176489,Gretchen L Johnson,Residential Const & Dev,391000,8/7/2019,8/7/2029,391000,391000,0,0,0,0.055,135.98,Wall St. Journal Prime Rate,0.005,0,320,Construction Lending
7/31/2021,177073,Johnnie J Zinn,Fresh Start,426.81,7/20/2020,7/20/2033,640.21,0,0,0,0,0,0,Default Fixed Rate,0,0,130,Deposit Services
7/31/2021,177172,Guillermo J Butler,Residential Const & Dev,157200,10/3/2019,10/3/2030,157200,157200,0,0,0,0.055,199.86,Wall St. Journal Prime Rate,0.005,0,320,Construction Lending
7/31/2021,177271,Tina J Almonte,Residential Const & Dev,388000,8/7/2020,8/7/2036,388000,388000,0,0,0,0.0575,178.15,Wall St. Journal Prime Rate,0.005,0,320,Construction Lending
7/31/2021,177289,Margaret S Moore,Share Monthly Pay,6640.74,7/27/2017,7/27/2032,7195,0,0,0,0,0.0275,8.48,Default Fixed Rate,0,0,2,Grandview
7/31/2021,177304,"NRG Efficient Homes, Inc.",Residential Const & Dev,204500,8/16/2017,8/16/2028,204500,204500,0,0,0,0.055,111.84,Wall St. Journal Prime Rate,0.005,0,320,Construction Lending
7/31/2021,177312,"NRG Efficient Homes, Inc.",Residential Const & Dev,209000,8/16/2018,8/16/2028,209000,209000,0,0,0,0.055,100.16,Wall St. Journal Prime Rate,0.005,0,320,Construction Lending
7/31/2021,177320,Joshua W Kaya,Consumer Closed End,10686.3,7/25/2016,7/25/2034,11548.5,0,0,0,0,0.0775,31.68,Default Fixed Rate,0,0,4,Lees Summit
7/31/2021,177510,Kenneth S Webb,Fresh Start,338.5,7/24/2020,7/24/2033,451.36,0,0,0,0,0,0,Default Fixed Rate,0,0,130,Deposit Services
7/31/2021,178021,Kelly A Weber,Commercial Real Estate,0,7/25/2017,7/25/2031,4125000,4125000,0,0,0,0.055,0,Default Fixed Rate,0,0,330,Commercial Lending
7/31/2021,178170,Steven P Bowers,Residential Const & Dev,240500,8/8/2018,8/8/2033,240500,240500,0,0,0,0.0575,46.72,Wall St. Journal Prime Rate,0.0075,0,320,Construction Lending
7/31/2021,178188,Steven P Bowers,Residential Const & Dev,242250,8/8/2018,8/8/2033,242250,242250,0,0,0,0.0575,130.69,Wall St. Journal Prime Rate,0.0075,0,320,Construction Lending
7/31/2021,178683,"NRG Efficient Homes, Inc.",Residential Const & Dev,233500,8/20/2017,8/20/2031,233500,233500,0,0,0,0.055,129.57,Wall St. Journal Prime Rate,0.005,0,320,Construction Lending
7/31/2021,179079,David T Thorne,Residential Const & Dev,228000,8/27/2017,8/27/2035,228000,228000,0,0,0,0.055,1285.75,Wall St. Journal Prime Rate,0.005,0,320,Construction Lending
7/31/2021,179350,Rena H Richards,Share Monthly Pay,752.2,8/3/2018,8/3/2036,1000,0,0,0,0,0.0245,0.36,Default Fixed Rate,0,0,2,Grandview
7/31/2021,179524,Christopher M Grasty,Share Monthly Pay,752.34,8/2/2019,8/2/2030,1000,0,0,0,0,0.0245,0.3,Default Fixed Rate,0,0,9,St. Joseph
7/31/2021,180654,Eugene S Foster,Share Monthly Pay,836.78,8/9/2018,8/9/2028,1000,0,0,0,0,0.0235,0.05,Default Fixed Rate,0,0,2,Grandview
7/31/2021,180662,"Parke Place Homes, Inc.",Residential Const & Dev,257220,8/27/2018,8/27/2033,257220,257220,0,0,0,0.055,475.13,Wall St. Journal Prime Rate,0.00125,0,320,Construction Lending
7/31/2021,180688,"Parke Place Homes, Inc.",Residential Const & Dev,256520,8/27/2020,8/27/2034,256520,256520,0,0,0,0.055,478.89,Wall St. Journal Prime Rate,0.00125,0,320,Construction Lending
7/31/2021,180696,"Parke Place Homes, Inc.",Residential Const & Dev,256520,8/27/2018,8/27/2035,256520,256520,0,0,0,0.055,477.34,Wall St. Journal Prime Rate,0.00125,0,320,Construction Lending
7/31/2021,180703,"Parke Place Homes, Inc.",Residential Const & Dev,263500,8/27/2016,8/27/2031,263500,263500,0,0,0,0.055,483.4,Wall St. Journal Prime Rate,0.00125,0,320,Construction Lending
7/31/2021,180711,"Parke Place Homes, Inc.",Residential Const & Dev,263500,8/27/2019,8/27/2036,263500,263500,0,0,0,0.055,480.95,Wall St. Journal Prime Rate,0.00125,0,320,Construction Lending
7/31/2021,180836,Luke M James,Share Monthly Pay,1320.98,8/9/2017,8/9/2034,1515,0,0,0,0,0.0245,1.95,Default Fixed Rate,0,0,2,Grandview
7/31/2021,180894,Christopher F Croley,Residential Const & Dev,317000,9/11/2019,9/11/2036,317000,317000,0,0,0,0.055,831.49,Wall St. Journal Prime Rate,0.005,0,320,Construction Lending
7/31/2021,180901,Christopher F Croley,Residential Const & Dev,300000,9/11/2018,9/11/2029,300000,300000,0,0,0,0.055,697.25,Wall St. Journal Prime Rate,0.005,0,320,Construction Lending
7/31/2021,180919,Jeffrey K Watson,Residential Const & Dev,203000,9/10/2019,9/10/2029,203000,203000,0,0,0,0.0575,23.49,Wall St. Journal Prime Rate,0.005,0,320,Construction Lending
7/31/2021,180927,Gretchen L Johnson,Residential Const & Dev,352750,9/13/2018,9/13/2028,352750,352750,0,0,0,0.055,83.05,Wall St. Journal Prime Rate,0.005,0,320,Construction Lending
7/31/2021,181090,Javier S Kang,Share Monthly Pay,11828.26,8/11/2016,8/11/2036,11875,0,0,0,0,0.0265,23.12,Default Fixed Rate,0,0,2,Grandview
7/31/2021,181123,Kim N Bunton,Share Monthly Pay,16728.08,8/13/2016,8/13/2035,16855,0,0,0,0,0.0265,32.7,Default Fixed Rate,0,0,4,Lees Summit
7/31/2021,181842,Shannon M Hunter,Consumer Closed End,4234,8/14/2020,8/14/2033,4587.5,0,0,0,0,0.0875,9.11,Default Fixed Rate,0,0,4,Lees Summit
7/31/2021,181909,John S Jones,Share Monthly Pay,12683.32,8/16/2018,8/16/2028,13955,0,0,0,0,0.027,4.68,Default Fixed Rate,0,0,3,Excelsior Springs
7/31/2021,182436,Anna J Valenzuela,Share Monthly Pay,0,8/16/2017,8/16/2033,1000,0,0,0,0,0.0235,0,Default Fixed Rate,0,0,83,North Oak
7/31/2021,182585,Edna D Dean,Share Monthly Pay,834.89,8/16/2020,8/16/2031,1000,0,0,0,0,0.0235,1.28,Default Fixed Rate,0,0,2,Grandview
7/31/2021,183038,Irene J Hogg,Share Monthly Pay,8553.81,8/20/2017,8/20/2034,8615,0,0,0,0,0.0285,14.65,Default Fixed Rate,0,0,2,Grandview
7/31/2021,183244,Steven P Bowers,Residential Const & Dev,263000,9/10/2016,9/10/2031,263000,263000,0,0,0,0.0575,120.35,Wall St. Journal Prime Rate,0.0075,0,320,Construction Lending
7/31/2021,183286,Steven P Bowers,Residential Const & Dev,297000,9/10/2018,9/10/2031,297000,297000,0,0,0,0.0575,103.1,Wall St. Journal Prime Rate,0.0075,0,320,Construction Lending
7/31/2021,183301,Thomas S Schroeder,Residential Const & Dev,484500,9/14/2019,9/14/2028,484500,484500,0,0,0,0.055,76.48,Wall St. Journal Prime Rate,0.005,0,320,Construction Lending
7/31/2021,183468,Paulina M Whitmore,Share Monthly Pay,4878.5,8/22/2017,8/22/2030,4955,0,1,0,0,0.028,5.97,Default Fixed Rate,0,0,2,Grandview
7/31/2021,183476,Phillis G Agee,Share Monthly Pay,5459.9,8/21/2016,8/21/2032,6015,0,0,0,0,0.0475,14.17,Default Fixed Rate,0,0,2,Grandview
7/31/2021,183541,Mary S Garcia,Share Monthly Pay,835.03,8/21/2016,8/21/2032,1000,0,0,0,0,0.0235,0.91,Default Fixed Rate,0,0,9,St. Joseph
7/31/2021,183640,Lisa T Gibb,Consumer Closed End,6192.05,8/21/2018,8/21/2029,6437.5,0,0,0,0,0.075,36.79,Default Fixed Rate,0,0,2,Grandview
7/31/2021,183666,Christopher F Croley,Residential Const & Dev,182250,9/10/2016,9/10/2028,182250,182250,0,0,0,0.055,266.87,Wall St. Journal Prime Rate,0.005,0,320,Construction Lending
7/31/2021,183898,Cedric D Brown,Share Monthly Pay,803.53,8/22/2016,8/22/2033,1000,0,0,0,0,0.0235,1.04,Default Fixed Rate,0,0,2,Grandview
7/31/2021,183939,Jeffrey K Watson,Residential Const & Dev,344250,9/11/2018,9/11/2030,344250,344250,0,0,0,0.0575,136.1,Wall St. Journal Prime Rate,0.005,0,320,Construction Lending
7/31/2021,183947,Jeffrey K Watson,Residential Const & Dev,253300,9/10/2018,9/10/2031,253300,253300,0,0,0,0.0575,85.82,Wall St. Journal Prime Rate,0.005,0,320,Construction Lending
7/31/2021,183989,Michael S Wilson,Share Monthly Pay,834.97,8/22/2016,8/22/2034,1000,0,0,0,0,0.0235,0.91,Default Fixed Rate,0,0,32,Platte City
7/31/2021,184010,Corie J Yarbrough,Residential Const & Dev,229500,9/17/2018,9/17/2034,229500,229500,0,0,0,0.055,194.44,Wall St. Journal Prime Rate,0.005,0,320,Construction Lending
7/31/2021,184028,Corie J Yarbrough,Residential Const & Dev,238000,9/17/2020,9/17/2035,238000,238000,0,0,0,0.055,372.69,Wall St. Journal Prime Rate,0.005,0,320,Construction Lending
7/31/2021,184531,David T Thorne,Residential Const & Dev,194500,9/19/2017,9/19/2031,194500,194500,0,0,0,0.055,850.73,Wall St. Journal Prime Rate,0.005,0,320,Construction Lending
7/31/2021,184549,David T Thorne,Residential Const & Dev,172500,9/19/2020,9/19/2035,172500,172500,0,0,0,0.055,896.75,Wall St. Journal Prime Rate,0.005,0,320,Construction Lending
7/31/2021,185290,Raul C Koons,Share Monthly Pay,1555.54,8/27/2020,8/27/2035,1950,0,0,0,0,0.0265,1.69,Default Fixed Rate,0,0,9,St. Joseph
7/31/2021,185315,Thomas S Schroeder,Residential Const & Dev,365500,9/14/2016,9/14/2031,365500,365500,0,0,0,0.055,91.17,Wall St. Journal Prime Rate,0.005,0,320,Construction Lending
7/31/2021,185381,Thomas S Schroeder,Residential Const & Dev,359550,9/14/2020,9/14/2031,359550,359550,0,0,0,0.055,84.98,Wall St. Journal Prime Rate,0.005,0,320,Construction Lending
7/31/2021,185406,Debra R Flores,Share Monthly Pay,5907.13,8/27/2020,8/27/2034,6480,0,0,0,0,0.0275,7.1,Default Fixed Rate,0,0,3,Excelsior Springs
7/31/2021,185414,Linda D Morin,Share Monthly Pay,31877.84,8/28/2020,8/28/2034,32065,0,0,0,0,0.028,63.41,Default Fixed Rate,0,0,4,Lees Summit
7/31/2021,185597,"NRG Efficient Homes, Inc.",Residential Const & Dev,219500,9/7/2018,9/7/2032,219500,219500,0,0,0,0.055,161.01,Wall St. Journal Prime Rate,0.005,0,320,Construction Lending
7/31/2021,185662,"NRG Efficient Homes, Inc.",Residential Const & Dev,190500,9/7/2018,9/7/2032,190500,190500,0,0,0,0.055,118.81,Wall St. Journal Prime Rate,0.005,0,320,Construction Lending
7/31/2021,185927,Luther K Nesbitt,Commercial Real Estate,92138.28,8/27/2018,8/27/2029,175000,175000,0,0,0,0.0657,134.52,5 Year T-Bill Weekly,0.035,5678.41,330,Commercial Lending
7/31/2021,185951,Kelly G Williams,Share Monthly Pay,3450.2,9/1/2020,9/1/2036,3610,0,0,0,0,0.027,2.55,Default Fixed Rate,0,0,3,Excelsior Springs
7/31/2021,186008,Christopher F Croley,Residential Const & Dev,300000,9/11/2020,9/11/2031,300000,300000,0,0,0,0.055,519.34,Wall St. Journal Prime Rate,0.005,0,320,Construction Lending
7/31/2021,186157,David S King,Consumer Closed End,8281.63,9/1/2017,9/1/2035,8548.5,0,0,0,0,0.0675,36.66,Default Fixed Rate,0,0,3,Excelsior Springs
7/31/2021,186660,Christopher F Croley,Residential Const & Dev,257000,9/14/2019,9/14/2032,257000,257000,0,0,0,0.055,351.87,Wall St. Journal Prime Rate,0.005,0,320,Construction Lending
7/31/2021,186769,Laura E Jimenez,Share Monthly Pay,1000,9/5/2016,9/5/2035,1000,0,1,0,0,0.0235,4.11,Default Fixed Rate,0,0,82,Independence
7/31/2021,186868,Holly M Parrino,Share Monthly Pay,2570.25,9/5/2019,9/5/2032,2715,0,0,0,0,0.0245,4.99,Default Fixed Rate,0,0,9,St. Joseph
7/31/2021,187056,Karl P Sartor,Share Monthly Pay,834.84,9/7/2017,9/7/2031,1000,0,0,0,0,0.0235,0.16,Default Fixed Rate,0,0,82,Independence
7/31/2021,187444,Jack L Jensen,Share Monthly Pay,917.65,9/7/2019,9/7/2028,1000,0,0,0,0,0.0235,1.77,Default Fixed Rate,0,0,32,Platte City
7/31/2021,188434,Darren S Dake,Share Monthly Pay,25704.65,9/13/2017,9/13/2034,26105,0,0,0,0,0.0265,5.58,Default Fixed Rate,0,0,4,Lees Summit
7/31/2021,188799,David T Thorne,Residential Const & Dev,251000,10/3/2019,10/3/2028,251000,251000,0,0,0,0.055,600.52,Wall St. Journal Prime Rate,0.005,0,320,Construction Lending
7/31/2021,188989,Christina D Russo,Share Monthly Pay,8850.86,9/14/2019,9/14/2029,9110,0,0,0,0,0.0245,17.18,Default Fixed Rate,0,0,9,St. Joseph
7/31/2021,189169,David D Scruggs,Share Monthly Pay,5615.98,9/17/2019,9/17/2033,5700,0,0,0,0,0.027,5.8,Default Fixed Rate,0,0,9,St. Joseph
7/31/2021,189482,Raul C Koons,Share Monthly Pay,3892.39,9/17/2019,9/17/2032,4085,0,0,0,0,0.0265,7.61,Default Fixed Rate,0,0,9,St. Joseph
7/31/2021,189630,Basil D Green,Share Monthly Pay,917.53,9/18/2018,9/18/2031,1000,0,0,0,0,0.0235,1.23,Default Fixed Rate,0,0,82,Independence
7/31/2021,190033,David T Thorne,Residential Const & Dev,277000,10/3/2017,10/3/2036,277000,277000,0,0,0,0.055,474.99,Wall St. Journal Prime Rate,0.005,0,320,Construction Lending
7/31/2021,190059,Maryanne T Perry,Residential Const & Dev,216500,10/24/2017,10/24/2033,216500,216500,0,0,0,0.055,-34.37,Wall St. Journal Prime Rate,0.005,0,320,Construction Lending
7/31/2021,190083,Steven P Bowers,Residential Const & Dev,197000,10/3/2016,10/3/2035,197000,197000,0,0,0,0.0575,0,Wall St. Journal Prime Rate,0.0075,0,320,Construction Lending
7/31/2021,190108,Christopher F Croley,Residential Const & Dev,276000,10/24/2016,10/24/2031,276000,276000,0,0,0,0.055,51.37,Wall St. Journal Prime Rate,0.005,0,320,Construction Lending
7/31/2021,190116,Christopher F Croley,Residential Const & Dev,289000,10/24/2016,10/24/2036,289000,289000,0,0,0,0.055,51.4,Wall St. Journal Prime Rate,0.005,0,320,Construction Lending
7/31/2021,190124,Hattie H Mccroy,Share Monthly Pay,1721.79,9/20/2019,9/20/2035,2015,0,0,0,0,0.0447,4.21,Default Fixed Rate,0,0,82,Independence
7/31/2021,190132,Christopher F Croley,Residential Const & Dev,189500,10/24/2016,10/24/2032,189500,189500,0,0,0,0.055,42.39,Wall St. Journal Prime Rate,0.005,0,320,Construction Lending
7/31/2021,190265,Kyle A Strawn,Share Monthly Pay,11777.99,9/21/2017,9/21/2035,12015,0,0,0,0,0.0275,15.04,Default Fixed Rate,0,0,2,Grandview
7/31/2021,190976,Rocco F Coan,Fresh Start,533.08,9/20/2018,9/20/2032,639.7,0,0,0,0,0,0,Default Fixed Rate,0,0,83,North Oak
7/31/2021,191049,Perry S Clements,Share Monthly Pay,5189.87,9/28/2016,9/28/2036,5415,0,0,0,0,0.0285,9.7,Default Fixed Rate,0,0,2,Grandview
7/31/2021,191461,Bernadine J Pereira,Consumer Closed End,18274.16,9/27/2018,9/27/2030,18600,0,0,0,0,0.0775,38.7,Default Fixed Rate,0,0,83,North Oak
7/31/2021,191560,Dollie J Williams,Share Monthly Pay,12126.52,9/27/2016,9/27/2030,12240,0,0,0,0,0.028,2.78,Default Fixed Rate,0,0,4,Lees Summit
7/31/2021,191643,Corie J Yarbrough,Residential Const & Dev,231000,10/22/2016,10/22/2028,231000,231000,0,0,0,0.055,111.59,Wall St. Journal Prime Rate,0.005,0,320,Construction Lending
7/31/2021,191651,Corie J Yarbrough,Residential Const & Dev,226900,10/22/2018,10/22/2028,226900,226900,0,0,0,0.055,160.67,Wall St. Journal Prime Rate,0.005,0,320,Construction Lending
7/31/2021,191734,Gretchen L Johnson,Residential Const & Dev,325000,10/12/2020,10/12/2033,325000,325000,0,0,0,0.055,63.01,Wall St. Journal Prime Rate,0.005,0,320,Construction Lending
7/31/2021,191809,Melissa D Hopper,Share Line of Credit,6975,9/28/2016,9/28/2035,500,0,0,0,0,0.0325,25.28,Default Fixed Rate,0,0,83,North Oak
7/31/2021,192146,Christopher F Croley,Residential Const & Dev,202500,10/24/2016,10/24/2028,202500,202500,0,0,0,0.055,41.06,Wall St. Journal Prime Rate,0.005,0,320,Construction Lending
7/31/2021,192203,Edward D Wyss,Share Line of Credit,431.44,10/1/2018,10/1/2033,535,0,0,0,0,0.0315,1.86,Default Fixed Rate,0,0,2,Grandview
7/31/2021,192261,John C Hightower,Fresh Start,337.7,9/26/2017,9/26/2031,367.7,0,0,0,0,0,0,Default Fixed Rate,0,0,29,Barry Road
7/31/2021,192279,Myrtle R Middleton,Fresh Start,709.34,9/28/2020,9/28/2028,779.78,0,0,0,0,0,0,Default Fixed Rate,0,0,9,St. Joseph
7/31/2021,192344,Clarence L Anderson,Share Monthly Pay,2596.58,10/3/2018,10/3/2036,3515,0,0,0,0,0.0275,5.95,Default Fixed Rate,0,0,4,Lees Summit
7/31/2021,193102,Jeffrey K Watson,Residential Const & Dev,253300,10/24/2020,10/24/2029,253300,253300,0,0,0,0.0575,64.43,Wall St. Journal Prime Rate,0.005,0,320,Construction Lending
7/31/2021,193441,Edward D Hott,Share Monthly Pay,22420,10/9/2017,10/9/2035,22420,0,0,0,0,0.0275,50.54,Default Fixed Rate,0,0,2,Grandview
7/31/2021,194308,Mark M Rivers,Share Monthly Pay,1000,10/12/2019,10/12/2034,1000,0,0,0,0,0.0235,1.73,Default Fixed Rate,0,0,3,Excelsior Springs
7/31/2021,194457,Guillermo J Butler,Residential Const & Dev,148750,10/25/2020,10/25/2030,148750,148750,0,0,0,0.055,10.68,Wall St. Journal Prime Rate,0.005,0,320,Construction Lending
7/31/2021,194465,Guillermo J Butler,Residential Const & Dev,148750,10/25/2020,10/25/2032,148750,148750,0,0,0,0.055,10.5,Wall St. Journal Prime Rate,0.005,0,320,Construction Lending
7/31/2021,194473,Guillermo J Butler,Residential Const & Dev,148750,10/25/2019,10/25/2030,148750,148750,0,0,0,0.055,10.3,Wall St. Journal Prime Rate,0.005,0,320,Construction Lending
7/31/2021,194580,Margaret A Saleem,Residential Const & Dev,408000,10/26/2018,10/26/2028,408000,408000,0,0,0,0.055,35.2,Wall St. Journal Prime Rate,0.005,0,320,Construction Lending
7/31/2021,195299,William A Toone,Share Monthly Pay,1000,10/19/2016,10/19/2030,1000,0,0,0,0,0.0235,1.28,Default Fixed Rate,0,0,3,Excelsior Springs
7/31/2021,195405,David T Thorne,Residential Const & Dev,244800,11/2/2018,11/2/2031,244800,244800,0,0,0,0.055,23.14,Wall St. Journal Prime Rate,0.005,0,320,Construction Lending
7/31/2021,195455,Lionel M Connolly,Share Single Pay,6015,10/19/2018,10/19/2035,6015,0,0,0,0,0.029,9.53,Default Fixed Rate,0,0,2,Grandview
7/31/2021,195687,Timothy P Mccabe,Non Conforming,253886.58,1/4/2020,1/4/2030,253886.58,253886.58,0,0,0,0.02,775.4,Default Fixed Rate,0,4736.46,290,Internet Loans
7/31/2021,195794,Tyler N Mccoy,Share Monthly Pay,1000,10/19/2019,10/19/2029,1000,0,0,0,0,0.0235,1.28,Default Fixed Rate,0,0,2,Grandview
7/31/2021,196106,Robert S Reams,Share Monthly Pay,6955,10/22/2020,10/22/2033,6955,0,0,0,0,0.028,9.05,Default Fixed Rate,0,0,83,North Oak
7/31/2021,196164,Michael L Byrd,Share Monthly Pay,24855,10/22/2017,10/22/2031,24855,0,0,0,0,0.028,32.33,Default Fixed Rate,0,0,3,Excelsior Springs
7/31/2021,196594,Virginia D Giannone,Share Monthly Pay,3815,10/25/2016,10/25/2036,3815,0,0,0,0,0.028,4.09,Default Fixed Rate,0,0,9,St. Joseph
7/31/2021,197592,Darrell G Nickerson,Share Monthly Pay,15015,10/31/2017,10/31/2033,15015,0,0,0,0,0.029,9.52,Default Fixed Rate,0,0,83,North Oak
7/31/2021,198011,Arthur T Gordon,Consumer Closed End,3048.5,11/2/2018,11/2/2034,3048.5,0,0,0,0,0.0875,2.18,Default Fixed Rate,0,0,3,Excelsior Springs
7/31/2021,198178,Corey L Fenner,Share Monthly Pay,1000,11/2/2020,11/2/2034,1000,0,0,0,0,0.024,0.39,Default Fixed Rate,0,0,2,Grandview
7/31/2021,198235,Christina J Adam,Share Monthly Pay,1000,11/2/2016,11/2/2035,1000,0,0,0,0,0.0235,0.39,Default Fixed Rate,0,0,32,Platte City
7/31/2021,198243,Robert S Sheffield,Share Monthly Pay,1000,11/2/2017,11/2/2035,1000,0,0,0,0,0.0235,0.39,Default Fixed Rate,0,0,32,Platte City
7/31/2021,110004408,Matthew B Weber,Agency Conforming,0,6/28/2017,6/28/2034,74700,74700,0,0,0,0.0358,0,1 Year T-Bill Weekly,0.0275,0,350,Loan Servicing
7/31/2021,110004465,Bruce V Wilson,Agency Conforming,0,6/6/2018,6/6/2032,52000,52000,1,0,0,0.02875,0,1 Year T-Bill Monthly,0.0267,0,350,Loan Servicing
7/31/2021,110004598,Hector R Wall,Agency Conforming,0,12/29/2019,12/29/2036,64000,64000,5,1,0,0.01875,0,1 Year T-Bill Monthly,0.016,0,350,Loan Servicing
7/31/2021,110004622,Eddie A Knapp,Agency Conforming,1268.86,3/8/2016,3/8/2035,44000,44000,0,0,0,0.03875,0.96,1 Year T-Bill Weekly,0.02625,1124.27,350,Loan Servicing
7/31/2021,110004630,Randy G Gomez,Agency Conforming,0,3/15/2016,3/15/2032,65000,65000,0,0,0,0.0725,0,COF Monthly Median,0.025,0,350,Loan Servicing
7/31/2021,110004663,Rachel C Mills,Agency Conforming,0,5/25/2016,5/25/2029,75000,75000,1,0,0,0.05875,0,COF Monthly Median,0.02,0,350,Loan Servicing
7/31/2021,110004945,George F Gonzalez,Agency Conforming,11010.95,8/30/2019,8/30/2034,69000,69000,9,33,4,0.07625,85.63,Federal COFI,0.0275,189.48,350,Loan Servicing
7/31/2021,110004952,Dorian S Ivey,Agency Conforming,0,8/30/2020,8/30/2032,48000,48000,1,0,0,0.07,0,COF Monthly Median,0.0275,0,350,Loan Servicing
7/31/2021,110005074,Pamela T Johnston,Agency Conforming,13305.62,9/28/2017,9/28/2035,121500,121500,0,0,0,0.0425,57.66,Federal COFI,0.025,876.01,350,Loan Servicing
7/31/2021,110005090,Gordon B Wright,Agency Conforming,8364.73,10/2/2020,10/2/2032,49800,49800,91,34,17,0.0775,219.83,Federal COFI,0.025,686.73,350,Loan Servicing
7/31/2021,110005397,Timothy M Stevens,Agency Conforming,0,9/18/2017,9/18/2029,29700,29700,16,4,2,0.0525,0,1 Year T-Bill Weekly,0.025,0,350,Loan Servicing
7/31/2021,110005538,Leroy C Mackey,Agency Conforming,11965.01,11/29/2018,11/29/2028,62000,62000,3,0,0,0.0275,33.65,1 Year T-Bill Weekly,0.0265,1494.87,350,Loan Servicing
7/31/2021,110005801,Cody U Broussard,Agency Conforming,15160.83,11/4/2019,11/4/2035,88912,88912,40,0,0,0.0375,44.22,Federal COFI,0.025,1290.14,350,Loan Servicing
7/31/2021,110005967,Ronald A Saenz,Agency Conforming,9163.78,6/26/2019,6/26/2036,28700,28700,11,2,0,0.1,93.84,Default Fixed Rate,0,1257.3,350,Loan Servicing
7/31/2021,110006320,James V Xiong,Agency Conforming,16134.78,8/26/2018,8/26/2028,70000,70000,0,0,0,0.0275,8.63,1 Year T-Bill Weekly,0.025,2674.15,350,Loan Servicing
7/31/2021,110006338,Daniel S Lao,Agency Conforming,13272.45,8/26/2020,8/26/2031,51200,51200,0,0,0,0.0275,37.37,1 Year T-Bill Weekly,0.025,1991.91,350,Loan Servicing
7/31/2021,110006593,Michael D Hiller,Agency Conforming,11949.87,10/29/2017,10/29/2029,45600,45600,0,0,0,0.02625,6.1,1 Year T-Bill Weekly,0.025,1869.3,350,Loan Servicing
7/31/2021,110006601,Mona D Phillips,Agency Conforming,0,11/7/2016,11/7/2033,110000,110000,0,0,0,0.02625,0,1 Year T-Bill Weekly,0.025,0,350,Loan Servicing
7/31/2021,110006908,Maurice K Jones,Agency Conforming,17388.84,1/6/2016,1/6/2032,68900,68900,0,0,0,0.02625,46.75,1 Year T-Bill Weekly,0.025,834.1,350,Loan Servicing
7/31/2021,110007146,Cheryl B Diedrich,Agency Conforming,14631.76,3/31/2020,3/31/2028,49200,49200,0,0,0,0.03125,46.84,1 Year T-Bill Weekly,0.03,1302.19,350,Loan Servicing
7/31/2021,110007211,Curtis J Nova,Agency Conforming,28643.45,4/27/2020,4/27/2028,100000,100000,0,0,0,0.02625,14.62,1 Year T-Bill Weekly,0.025,2051.99,350,Loan Servicing
7/31/2021,110007369,Maria G Hawkins,Agency Conforming,17502.11,5/22/2020,5/22/2033,49600,49600,0,0,0,0.09,30.63,Default Fixed Rate,0,1423.96,350,Loan Servicing
7/31/2021,110007690,Judy A Gonzalez,Agency Conforming,18782.7,9/17/2017,9/17/2032,60000,60000,0,0,0,0.02625,50.53,1 Year T-Bill Weekly,0.025,0,350,Loan Servicing
7/31/2021,110007955,Yolanda C Rodgers,Agency Conforming,29946.58,12/21/2019,12/21/2029,72900,72900,0,0,0,0.09,276.35,3 Yr T Bill Weekly,0.03,1590.84,350,Loan Servicing
7/31/2021,110008151,Ryan M Felix,Agency Conforming,9548.59,3/22/2018,3/22/2036,23000,23000,2,0,0,0.10125,18.8,Default Fixed Rate,0,700.34,350,Loan Servicing
7/31/2021,110008524,Ryan W Wood,Agency Conforming,11074.12,9/30/2020,9/30/2034,25650,25650,0,0,0,0.1025,22.07,Default Fixed Rate,0,396.4,350,Loan Servicing
7/31/2021,110008664,Bruce V Wilson,Agency Conforming,12914.91,5/17/2018,5/17/2031,32250,32250,2,0,0,0.03125,41.39,1 Year T-Bill Weekly,0.03,449.92,350,Loan Servicing
7/31/2021,110008862,Carletta I Yanez,Agency Conforming,13690.38,7/5/2018,7/5/2028,32000,32000,20,4,0,0.10375,27.62,Default Fixed Rate,0,1642.46,350,Loan Servicing
7/31/2021,110008912,Edward D Burns,Agency Conforming,0,8/29/2019,8/29/2033,19800,19800,43,13,8,0.1,0,Default Fixed Rate,0,0,204,Lees Summit Loans
7/31/2021,110009217,Mayme P Hatcher,Agency Conforming,0,4/30/2020,4/30/2035,51000,51000,0,0,0,0.095,0,Default Fixed Rate,0,0,9,St. Joseph
7/31/2021,110009464,Roberto M Mintz,Non Conforming,21763.38,11/5/2016,11/5/2033,80000,80000,0,0,0,0.07975,33.75,Default Fixed Rate,0,2348.03,350,Loan Servicing
7/31/2021,110009480,Mathew G Mcnair,Agency Conforming,0,11/13/2016,11/13/2034,86400,86400,2,0,0,0.08875,0,Default Fixed Rate,0,0,210,South KC Loans
7/31/2021,110009662,Charles K Banker,Agency Conforming,29708.67,3/27/2017,3/27/2036,48600,48600,0,0,0,0.08875,270.7,Default Fixed Rate,0,576.8,9,St. Joseph
7/31/2021,110009837,John T Stcyr,Agency Conforming,51141.35,7/23/2020,7/23/2033,84150,84150,0,0,0,0.0875,87.01,Default Fixed Rate,0,1498.99,9,St. Joseph
7/31/2021,110010017,Ramon J Lee,Agency Conforming,31338.9,10/30/2017,10/30/2029,51750,51750,0,0,0,0.08,257.41,Default Fixed Rate,0,970.56,350,Loan Servicing
7/31/2021,110012492,Thomas P Perea,Agency Conforming,0,8/28/2018,8/28/2033,50000,50000,0,0,0,0.0725,0,Contract Rate,-0.0252,0,350,Loan Servicing
7/31/2021,110012781,Celeste A Martin,Agency Conforming,3256.98,12/30/2020,12/30/2030,35000,35000,1,0,0,0.07,23.12,COF SemiAnnual,0.0291,0,350,Loan Servicing
7/31/2021,110012872,Daniel A Withers,Agency Conforming,0,2/6/2017,2/6/2036,32400,32400,0,0,0,0.07,0,COF SemiAnnual,0.0219,0,350,Loan Servicing
7/31/2021,110012898,Monica E Leventhal,Agency Conforming,4697.4,4/2/2018,4/2/2036,38000,38000,0,0,0,0.0725,34.65,COF SemiAnnual,0.0244,213.75,350,Loan Servicing
7/31/2021,110012948,Sara C Lowe,Agency Conforming,13363.92,4/19/2016,4/19/2034,110050,110050,20,3,0,0.07,95.19,COF SemiAnnual,0.0219,-314.61,350,Loan Servicing
7/31/2021,110013011,Terry M Walker,Agency Conforming,2158.6,7/10/2017,7/10/2031,43000,43000,0,0,0,0.0725,15.84,COF SemiAnnual,0.0244,734.6,350,Loan Servicing
7/31/2021,110013169,Richard D Crane,Agency Conforming,3214.97,3/2/2020,3/2/2035,28000,28000,1,1,0,0.07,22.88,COF SemiAnnual,0.0219,-69.17,350,Loan Servicing
7/31/2021,110014928,Debra K Funke,Agency Conforming,34366.25,8/12/2018,8/12/2033,87000,87000,7,1,1,0.1025,361.08,Default Fixed Rate,0,2124.97,350,Loan Servicing
7/31/2021,110015040,Jessica R Bouchard,Agency Conforming,8024.15,11/26/2019,11/26/2031,38000,38000,36,1,0,0.0262,21.5,1 Year T-Bill Weekly,0.025,686.3,350,Loan Servicing
7/31/2021,110015255,Patricia R Wymore,Agency Conforming,0,7/29/2017,7/29/2034,48900,48900,18,1,0,0.0271,0,1 Year T-Bill Weekly,0.025,0,350,Loan Servicing
7/31/2021,110015289,Annette E Mink,Agency Conforming,18220.56,8/1/2019,8/1/2030,128000,128000,0,0,0,0.0212,7.51,1 Year T-Bill Weekly,0.02,2485.18,350,Loan Servicing
7/31/2021,110015396,Albert T Gill,Agency Conforming,21012.26,6/5/2020,6/5/2034,86400,86400,0,0,0,0.0271,58.28,1 Year T-Bill Weekly,0.025,0,350,Loan Servicing
7/31/2021,110015610,Lawrence B Steffens,Agency Conforming,20317.54,8/5/2019,8/5/2034,57750,57750,0,0,0,0.0275,10.86,1 Year T-Bill Weekly,0.025,1333.02,350,Loan Servicing
7/31/2021,110015628,Johnna S Hughes,Agency Conforming,57018.72,6/15/2018,6/15/2036,162000,162000,16,2,0,0.02625,153.44,1 Year T-Bill Weekly,0.025,1161.88,350,Loan Servicing
7/31/2021,110015644,David G Armbruster,Agency Conforming,27912.37,12/19/2019,12/19/2028,75000,75000,0,0,0,0.02625,14.25,1 Year T-Bill Weekly,0.025,2848.08,350,Loan Servicing
7/31/2021,110015842,Fannie S Sheldon,Agency Conforming,10266.79,6/6/2020,6/6/2031,78200,78200,0,0,0,0.07125,14.22,Federal COFI,0.022,3117.93,350,Loan Servicing
7/31/2021,110015966,Patricia R Giles,Agency Conforming,7204.54,7/15/2016,7/15/2036,63200,63200,0,0,0,0.02625,3.68,1 Year T-Bill Weekly,0.025,294.91,350,Loan Servicing
7/31/2021,110015974,Lisa L Delgado,Agency Conforming,13407.66,7/29/2016,7/29/2036,54600,54600,1,0,0,0.02625,36.03,1 Year T-Bill Weekly,0.025,-542.62,350,Loan Servicing
7/31/2021,110016311,Daniel E Smith,Agency Conforming,0,10/20/2018,10/20/2036,73000,73000,0,0,0,0.02625,0,1 Year T-Bill Weekly,0.025,0,350,Loan Servicing
7/31/2021,110016345,Kenneth A Knight,Agency Conforming,0,11/18/2020,11/18/2033,59375,59375,0,0,0,0.025,0,1 Year T-Bill Weekly,0.0225,0,350,Loan Servicing
7/31/2021,110016543,Russell S Caplinger,Agency Conforming,6257.19,9/15/2018,9/15/2033,24300,24300,7,2,1,0.02625,3.19,1 Year T-Bill Weekly,0.025,203.68,350,Loan Servicing
7/31/2021,110016584,Mark K Sill,Agency Conforming,9963.58,8/14/2018,8/14/2032,38500,38500,0,0,0,0.0275,28.05,1 Year T-Bill Weekly,0.025,353.74,350,Loan Servicing
7/31/2021,110016592,William L Hubbard,Agency Conforming,5435.87,4/28/2018,4/28/2034,23400,23400,39,5,0,0.02875,3.04,1 Year T-Bill Weekly,0.0275,399.6,350,Loan Servicing
7/31/2021,110016600,Tony M Mathes,Agency Conforming,12451.54,9/9/2018,9/9/2036,48165,48165,0,0,0,0.02625,6.36,1 Year T-Bill Weekly,0.025,887.49,350,Loan Servicing
7/31/2021,110016691,Helen E Newton,Agency Conforming,12478.64,11/21/2020,11/21/2028,47400,47400,0,0,0,0.02625,6.37,1 Year T-Bill Weekly,0.025,-225.49,350,Loan Servicing
7/31/2021,110016766,Donna J Mcrae,Agency Conforming,13487.93,11/24/2020,11/24/2035,50250,50250,1,0,0,0.0275,7.21,1 Year T-Bill Weekly,0.02625,1409.54,350,Loan Servicing
7/31/2021,110016824,John D Alston,Agency Conforming,0,6/9/2020,6/9/2031,34200,34200,16,4,0,0.0275,0,1 Year T-Bill Weekly,0.02625,0,350,Loan Servicing
7/31/2021,110016857,Candace M Daugherty,Agency Conforming,12309.83,10/21/2020,10/21/2035,45250,45250,83,26,15,0.07375,530.14,Default Fixed Rate,0,-619.8,350,Loan Servicing
7/31/2021,110018374,Salvatore J Kaler,Agency Conforming,0,10/28/2017,10/28/2036,22000,22000,0,0,0,0.0512,0,3 Yr T Bill Weekly,0.0275,0,350,Loan Servicing
7/31/2021,110018416,Maria T Wynn,Non Conforming,30369.6,10/11/2016,10/11/2035,49000,49000,0,0,0,0.1,59.05,Default Fixed Rate,0,157.28,350,Loan Servicing
7/31/2021,110018481,Terry E Sides,Agency Conforming,7309.89,11/4/2020,11/4/2029,50000,50000,9,2,1,0.07,52.18,Default Fixed Rate,0,1888.39,204,Lees Summit Loans
7/31/2021,110018978,Bruce V Wilson,Non Conforming,43944.18,12/28/2019,12/28/2033,66600,66600,16,7,3,0.0575,259.56,Default Fixed Rate,0,1580.23,204,Lees Summit Loans
7/31/2021,110019000,David K Donovan,Non Conforming,36211.51,12/30/2020,12/30/2029,64800,64800,0,0,0,0.085,59.85,Default Fixed Rate,0,2009.24,350,Loan Servicing
7/31/2021,110019166,Woodrow C Damian,Non Conforming,0,4/28/2017,4/28/2033,49000,49000,8,4,4,0.0375,0,1 Year T-Bill Weekly,0.035,0,350,Loan Servicing
7/31/2021,110019380,Justin T Payne,Non Conforming,44850.65,6/30/2017,6/30/2033,78450,78450,0,0,0,0.03375,155.38,1 Year T-Bill Weekly,0.0325,1248.24,204,Lees Summit Loans
7/31/2021,110019687,Bruce V Wilson,Non Conforming,71688.34,8/26/2019,8/26/2033,121600,121600,1,0,0,0.035,257.57,1 Year T-Bill Weekly,0.0325,1907.28,204,Lees Summit Loans
7/31/2021,110020826,Cecelia C Fellows,Agency Conforming,0,10/20/2020,10/20/2033,66000,66000,0,0,0,0.08175,0,Default Fixed Rate,0,0,350,Loan Servicing
7/31/2021,110021048,Karen S Taylor,Agency Conforming,0,8/23/2018,8/23/2032,49950,49950,0,0,0,0.0474,0,1 Year T-Bill Weekly,0.0275,0,350,Loan Servicing
7/31/2021,110021063,David D Neal,Agency Conforming,10297.76,6/11/2019,6/11/2030,32000,32000,0,0,0,0.1,20.02,Default Fixed Rate,0,-115.65,350,Loan Servicing
7/31/2021,110021162,Eugene D Banks,Agency Conforming,9295.37,5/14/2018,5/14/2030,32400,32400,12,28,2,0.02625,24.99,1 Year T-Bill Weekly,0.025,-360.06,350,Loan Servicing
7/31/2021,110022277,Katherine D Felder,Agency Conforming,1590.42,11/1/2020,11/1/2028,33150,33150,0,0,0,0.02625,-2.72,1 Year T-Bill Weekly,0.025,1861.42,350,Loan Servicing
7/31/2021,110022343,Johnny M Medina,Agency Conforming,6671.75,8/1/2019,8/1/2035,44100,44100,11,3,2,0.02625,-11.56,1 Year T-Bill Weekly,0.025,311.64,350,Loan Servicing
7/31/2021,110022350,Gloria D Brown,Agency Conforming,0,9/1/2020,9/1/2035,115300,115300,0,0,0,0.035,0,1 Year T-Bill Weekly,0.025,0,350,Loan Servicing
7/31/2021,110022442,Melvin D Casey,Agency Conforming,0,2/1/2017,2/1/2029,54150,54150,0,0,0,0.0425,0,1 Year T-Bill Weekly,0.035,0,350,Loan Servicing
7/31/2021,110022509,Janet S Myrick,Agency Conforming,0,12/1/2019,12/1/2035,53600,53600,4,0,0,0.03875,0,1 Year T-Bill Weekly,0.0375,0,350,Loan Servicing
7/31/2021,110022574,Marx A Coffelt,Agency Conforming,14090.04,8/1/2020,8/1/2030,38750,38750,26,1,0,0.02875,7.88,1 Year T-Bill Weekly,0.0275,467.6,350,Loan Servicing
7/31/2021,110022616,Sabrina P Jackson,Agency Conforming,18430.37,5/1/2017,5/1/2030,46000,46000,33,1,0,0.03125,11.2,1 Year T-Bill Weekly,0.03,973.15,350,Loan Servicing
7/31/2021,110022673,Erica P Morales,Agency Conforming,23544.76,8/1/2016,8/1/2036,55800,55800,3,0,0,0.02625,114.18,1 Year T-Bill Weekly,0.025,-658.82,350,Loan Servicing
7/31/2021,110022681,Gloria D Brown,Agency Conforming,0,9/1/2016,9/1/2032,76100,76100,0,0,0,0.035,0,1 Year T-Bill Weekly,0.025,0,350,Loan Servicing
7/31/2021,110022756,John E Brown,Agency Conforming,12224.87,5/4/2017,5/4/2034,27500,27500,55,7,6,0.02625,6.24,1 Year T-Bill Weekly,0.025,565.44,350,Loan Servicing
7/31/2021,110022830,James A Jones,Agency Conforming,0,5/1/2020,5/1/2032,54500,54500,12,32,4,0.0625,0,3 Yr T Bill Weekly,0.025,0,350,Loan Servicing
7/31/2021,110024059,Mike J Friedman,Agency Conforming,0,8/10/2017,8/10/2033,30400,30400,0,0,0,0.02875,0,1 Year T-Bill Weekly,0.0275,0,350,Loan Servicing
7/31/2021,110024174,Lorena B Briggs,Agency Conforming,0,12/11/2020,12/11/2036,27000,27000,43,12,3,0.0275,0,1 Year T-Bill Weekly,0.02625,0,350,Loan Servicing
7/31/2021,110024224,Michael L Swinton,Agency Conforming,0,12/16/2016,12/16/2031,75000,75000,0,0,0,0.0275,0,1 Year T-Bill Weekly,0.02625,0,350,Loan Servicing
7/31/2021,110024299,Nora J Goldberg,Agency Conforming,22060.75,5/31/2018,5/31/2032,64800,64800,1,0,0,0.02875,65.02,1 Year T-Bill Weekly,0.0275,30.25,350,Loan Servicing
7/31/2021,110024307,Rita R Whisler,Agency Conforming,5455.15,6/29/2017,6/29/2033,48450,48450,0,0,0,0.0275,2.92,1 Year T-Bill Weekly,0.02625,482.2,350,Loan Servicing
7/31/2021,110024356,David S Kopp,Agency Conforming,18177.35,7/29/2019,7/29/2036,55000,55000,0,0,0,0.03,10.6,1 Year T-Bill Weekly,0.0275,568.43,350,Loan Servicing
7/31/2021,110024489,Jamal L Kelley,Agency Conforming,10049.05,9/26/2018,9/26/2033,30600,30600,16,2,0,0.02875,29.63,1 Year T-Bill Weekly,0.0275,36.6,350,Loan Servicing
7/31/2021,110024505,Christine J Breuer,Agency Conforming,17453.98,10/14/2016,10/14/2036,45000,45000,6,0,0,0.03125,55.92,1 Year T-Bill Weekly,0.02875,-75.97,350,Loan Servicing
7/31/2021,110024646,Shelli H Matlock,Agency Conforming,7453.15,11/30/2016,11/30/2032,21500,21500,0,0,0,0.0275,3.99,1 Year T-Bill Weekly,0.025,750.14,350,Loan Servicing
7/31/2021,110024661,Gregg V Drew,Agency Conforming,3630.95,4/25/2016,4/25/2034,22500,22500,29,6,0,0.02625,1.85,1 Year T-Bill Weekly,0.025,541.18,350,Loan Servicing
7/31/2021,110024703,George R Vance,Agency Conforming,3477.35,8/8/2019,8/8/2031,16200,16200,43,30,22,0.0275,9.78,1 Year T-Bill Weekly,0.025,76.9,350,Loan Servicing
7/31/2021,110024968,Joe M Everett,Agency Conforming,0,4/12/2017,4/12/2035,32750,32750,3,0,0,0.045,0,1 Year T-Bill Weekly,0.025,0,350,Loan Servicing
7/31/2021,110025007,Jay V Felix,Agency Conforming,3538.16,5/31/2018,5/31/2035,34100,34100,0,0,0,0.045,3.1,1 Year T-Bill Weekly,0.025,923.7,350,Loan Servicing
7/31/2021,110029025,Jill C Rayner,Agency Conforming,35105.98,12/5/2020,12/5/2036,105000,105000,0,0,0,0.09,61.44,Default Fixed Rate,0,3815.28,350,Loan Servicing
7/31/2021,110029751,Rebecca B Wilson,Agency Conforming,29613.15,6/4/2017,6/4/2034,80500,80500,25,0,0,0.09,273.18,Default Fixed Rate,0,-315.61,350,Loan Servicing
7/31/2021,110030619,William A Cotter,Agency Conforming,11922.02,4/10/2020,4/10/2031,40950,40950,0,0,0,0.095,22.02,Default Fixed Rate,0,878.95,350,Loan Servicing
7/31/2021,110030627,Zoraida L Slaton,Agency Conforming,22370.67,4/17/2019,4/17/2030,75500,75500,30,4,1,0.095,217.58,Default Fixed Rate,0,1108.79,350,Loan Servicing
7/31/2021,110031930,Ida R Knapp,Agency Conforming,0,9/4/2018,9/4/2028,44000,44000,62,32,13,0.1,0,Default Fixed Rate,0,0,350,Loan Servicing
7/31/2021,110032243,Antonio E Castillo,Agency Conforming,7783.62,2/4/2020,2/4/2031,29000,29000,1,0,0,0.1075,85.58,Default Fixed Rate,0,-97.67,350,Loan Servicing
7/31/2021,110032912,Jessica R Cleveland,Agency Conforming,0,12/11/2018,12/11/2032,82800,82800,75,20,3,0.095,0,Default Fixed Rate,0,0,350,Loan Servicing
7/31/2021,110032979,Matt J Wright,Agency Conforming,19700.17,12/22/2020,12/22/2031,56000,56000,0,0,0,0.0975,37.35,Default Fixed Rate,0,77.41,350,Loan Servicing
7/31/2021,110032987,Mary C Hoff,Agency Conforming,13242.65,12/31/2019,12/31/2029,41000,41000,0,0,0,0.09375,127.17,Default Fixed Rate,0,656.22,350,Loan Servicing
7/31/2021,110033415,Madeline S Khang,Agency Conforming,19468.13,4/20/2016,4/20/2035,55000,55000,0,0,0,0.09125,34.54,Default Fixed Rate,0,210.34,350,Loan Servicing
7/31/2021,110034330,Minnie J Myers,Agency Conforming,0,10/29/2019,10/29/2032,18000,18000,0,0,0,0.105,0,Default Fixed Rate,0,0,350,Loan Servicing
7/31/2021,110034686,Matthew P Rodriguez,Agency Conforming,20440.54,5/13/2018,5/13/2028,60750,60750,0,0,0,0.0275,-36.42,1 Year T-Bill Weekly,0.02625,698.5,350,Loan Servicing
7/31/2021,110034710,Rudolph D Mone,Agency Conforming,19970.28,6/14/2020,6/14/2032,54000,54000,0,0,0,0.0275,56.31,1 Year T-Bill Weekly,0.02625,61.97,350,Loan Servicing
7/31/2021,110034728,Derrick L Gaines,Agency Conforming,0,6/28/2018,6/28/2029,18000,18000,1,0,0,0.105,0,Default Fixed Rate,0,0,350,Loan Servicing
7/31/2021,110034769,Rebecca R Vreeland,Agency Conforming,22539.01,6/28/2019,6/28/2029,61470,61470,0,0,0,0.0275,63.54,1 Year T-Bill Weekly,0.02625,44.94,350,Loan Servicing
7/31/2021,110034900,Tammy R Goforth,Agency Conforming,30789.96,8/15/2018,8/15/2028,81600,81600,8,0,0,0.02875,17.21,1 Year T-Bill Weekly,0.02625,1551.29,350,Loan Servicing
7/31/2021,110035014,Stephanie D Clement,Agency Conforming,7697.32,9/20/2020,9/20/2034,29250,29250,0,0,0,0.08,11.97,Default Fixed Rate,0,297.04,350,Loan Servicing
7/31/2021,110035030,Mark B Tichenor,Agency Conforming,0,8/26/2016,8/26/2029,36000,36000,2,0,0,0.03625,0,1 Year T-Bill Weekly,0.02625,0,350,Loan Servicing
7/31/2021,110035253,Leah D Gibson,Agency Conforming,28229.31,11/30/2019,11/30/2029,72400,72400,75,2,1,0.02875,83.22,1 Year T-Bill Weekly,0.02625,950.01,350,Loan Servicing
7/31/2021,110035311,Judy W Cornwall,Agency Conforming,0,12/8/2019,12/8/2029,95000,95000,0,0,0,0.075,0,Default Fixed Rate,0,0,350,Loan Servicing
7/31/2021,110035857,Susan E Collins,Agency Conforming,0,4/9/2017,4/9/2034,28400,28400,0,0,0,0.099,0,Default Fixed Rate,0,0,350,Loan Servicing
7/31/2021,110040667,Mary J Cota,Agency Conforming,10054.74,3/14/2016,3/14/2032,31500,31500,38,9,0,0.105,108.1,Default Fixed Rate,0,-75.84,350,Loan Servicing
7/31/2021,110041343,Christine R Bolanos,Agency Conforming,64097.65,5/1/2016,5/1/2029,135200,135200,9,8,7,0.02,24.93,Default Fixed Rate,0,2661.96,350,Loan Servicing
7/31/2021,110041640,Christine C Vollmer,Agency Conforming,17398.65,10/1/2016,10/1/2030,47200,47200,3,0,0,0.03,10.15,1 Year T-Bill Weekly,0.02875,349.1,350,Loan Servicing
7/31/2021,110044396,Kevin E Johnson,FHA,15705.34,2/17/2020,2/17/2036,57121,57121,41,14,6,0.09,144.68,Default Fixed Rate,0,575.8,350,Loan Servicing
7/31/2021,110044701,Margaret G Shorter,FHA,0,8/19/2020,8/19/2036,32000,32000,0,0,0,0.1,0,Default Fixed Rate,0,0,350,Loan Servicing
7/31/2021,110045245,Edwin K Walker,FHA,0,9/15/2019,9/15/2029,38200,38200,4,3,0,0.105,0,Default Fixed Rate,0,0,350,Loan Servicing
7/31/2021,110045252,Lauren N Richardson,FHA,10125.71,8/26/2019,8/26/2029,30500,30500,50,4,1,0.095,98.54,Default Fixed Rate,0,-12.88,350,Loan Servicing
7/31/2021,110045310,Zina J Bernhard,FHA,16992.82,9/26/2018,9/26/2035,35250,35250,0,0,0,0.105,34.69,Default Fixed Rate,0,200.43,350,Loan Servicing
7/31/2021,110045666,Ryan M Ryan,FHA,0,8/10/2017,8/10/2031,54500,54500,55,30,4,0.125,0,Default Fixed Rate,0,0,350,Loan Servicing
7/31/2021,110046573,Lena B Rush,VA,22115.18,3/31/2018,3/31/2033,85850,85850,60,21,0,0.095,384.65,Default Fixed Rate,0,1091.79,350,Loan Servicing
7/31/2021,110046821,Robin O Hawkins,VA,23190.48,3/23/2017,3/23/2033,68500,68500,0,0,0,0.085,38.33,Default Fixed Rate,0,1087.81,350,Loan Servicing
7/31/2021,110046912,Effie W Cantu,VA,19356,4/1/2018,4/1/2036,55449,55449,3,0,0,0.085,168.62,Default Fixed Rate,0,582.05,350,Loan Servicing
7/31/2021,110046946,Michael N Jenkins,VA,19190.48,4/24/2016,4/24/2034,55800,55800,0,0,0,0.085,31.72,Default Fixed Rate,0,661.14,350,Loan Servicing
7/31/2021,110047134,Robert D Osborn,VA,0,3/8/2016,3/8/2028,68000,68000,0,0,0,0.085,0,Default Fixed Rate,0,0,350,Loan Servicing
7/31/2021,110047951,Lola H Schurman,VA,14959.04,7/31/2019,7/31/2036,41900,41900,10,1,0,0.1,153.27,Default Fixed Rate,0,419.26,350,Loan Servicing
7/31/2021,110047993,Mary J Delavega,VA,17029.76,4/15/2018,4/15/2030,39794,39794,1,0,0,0.095,31.46,Default Fixed Rate,0,511.61,350,Loan Servicing
7/31/2021,110048140,Brian E Lee,VA,19764.23,11/25/2020,11/25/2033,42000,42000,0,0,0,0.1,38.43,Default Fixed Rate,0,-64.75,350,Loan Servicing
7/31/2021,110048991,Paul M Oconnor,Non Conforming,56407.99,10/25/2019,10/25/2029,95850,95850,0,0,0,0.03375,37.02,1 Year T-Bill Weekly,0.0325,2231.69,204,Lees Summit Loans
7/31/2021,110049585,Zachary A Siegfried,Agency Conforming,27487.66,10/28/2019,10/28/2029,44100,44100,0,0,0,0.0775,41.42,Default Fixed Rate,0,2187.75,350,Loan Servicing
7/31/2021,110049759,Effie P Castaneda,Non Conforming,40317.23,10/30/2017,10/30/2031,68000,68000,73,18,0,0.03375,139.68,1 Year T-Bill Weekly,0.0325,1266.4,204,Lees Summit Loans
7/31/2021,110050112,Ginger B Horning,Non Conforming,18939.76,11/23/2016,11/23/2033,32000,32000,1,0,0,0.03375,65.62,1 Year T-Bill Weekly,0.0325,1253.06,9,St. Joseph
7/31/2021,110050484,Leticia J Ortega,Agency Conforming,18278.76,11/30/2017,11/30/2032,30000,30000,0,0,0,0.06875,24.44,Default Fixed Rate,0,1416.47,350,Loan Servicing
7/31/2021,110050880,Heather P Johnson,Agency Conforming,27112.07,12/22/2019,12/22/2028,43200,43200,0,0,0,0.07375,38.88,Default Fixed Rate,0,837.61,204,Lees Summit Loans
7/31/2021,110051771,Kathy S Thomas,Non Conforming,62799.8,12/31/2020,12/31/2035,96750,96750,68,93,52,0.03375,1286.38,1 Year T-Bill Weekly,0.0325,341.88,204,Lees Summit Loans
7/31/2021,110052290,William K Matthews,Agency Conforming,0,4/1/2020,4/1/2033,95000,95000,0,0,0,0.075,0,Default Fixed Rate,0,0,350,Loan Servicing
7/31/2021,110053942,Vanessa F Miller,Agency Conforming,0,4/5/2020,4/5/2036,98200,98200,0,0,0,0.075,0,Default Fixed Rate,0,0,350,Loan Servicing
7/31/2021,110054106,Robert K Dickerson,Agency Conforming,0,4/7/2020,4/7/2034,92300,92300,0,0,0,0.075,0,Default Fixed Rate,0,0,350,Loan Servicing
7/31/2021,110054148,Connie D Waguespack,Agency Conforming,46820.69,4/22/2020,4/22/2036,77000,77000,0,0,0,0.075,68.28,Default Fixed Rate,0,2111.36,350,Loan Servicing
7/31/2021,110054221,Timothy A Ferguson,Agency Conforming,0,4/21/2016,4/21/2032,77000,77000,1,1,0,0.07375,0,Default Fixed Rate,0,0,350,Loan Servicing
7/31/2021,110054742,Mary C Torres,Agency Conforming,0,7/6/2020,7/6/2031,150000,150000,0,0,0,0.07375,0,Default Fixed Rate,0,0,350,Loan Servicing
7/31/2021,110054841,Joseph C Brashear,Agency Conforming,2699.24,3/18/2018,3/18/2034,73000,73000,0,0,0,0.075,3.94,Default Fixed Rate,0,860.4,350,Loan Servicing
7/31/2021,110056119,Sonia V Farrell,Agency Conforming,5879.14,6/4/2016,6/4/2029,93000,93000,0,0,0,0.07625,8.72,Default Fixed Rate,0,2929.35,350,Loan Servicing
7/31/2021,110056390,Rigoberto R Freeman,Agency Conforming,54013.39,5/28/2018,5/28/2035,90200,90200,0,0,0,0.07,73.52,Default Fixed Rate,0,0,350,Loan Servicing
7/31/2021,110056762,Andrea P Pierce,Agency Conforming,0,6/3/2020,6/3/2029,140000,140000,1,1,0,0.075,0,Default Fixed Rate,0,0,350,Loan Servicing
7/31/2021,110058677,Barbara M Smith,Agency Conforming,2990.07,6/21/2017,6/21/2029,54000,54000,1,0,0,0.075,22.44,Default Fixed Rate,0,552.14,350,Loan Servicing
7/31/2021,110062083,Lisa A Delatorre,Agency Conforming,0,6/7/2019,6/7/2036,93000,93000,0,0,0,0.07375,0,Default Fixed Rate,0,0,350,Loan Servicing
7/31/2021,110063800,Tracey D Browning,Agency Conforming,22863.52,7/15/2017,7/15/2029,37000,37000,0,0,0,0.075,33.34,Default Fixed Rate,0,456.79,350,Loan Servicing
7/31/2021,110064683,Stephen M Pantoja,Agency Conforming,3907.87,7/9/2018,7/9/2035,55600,55600,0,0,0,0.075,5.7,Default Fixed Rate,0,576.8,350,Loan Servicing
7/31/2021,110066266,Raymond N Witter,Agency Conforming,30936.69,1/26/2020,1/26/2033,55000,55000,0,0,0,0.075,45.12,Default Fixed Rate,0,1794.87,204,Lees Summit Loans
7/31/2021,110066357,Roger I Smith,Non Conforming,24452.13,1/24/2016,1/24/2028,41200,41200,0,0,0,0.03375,84.72,1 Year T-Bill Weekly,0.0325,1825.79,350,Loan Servicing
7/31/2021,110066589,Rosa D Sikes,Agency Conforming,12867.12,1/31/2020,1/31/2035,20000,20000,0,0,0,0.0775,102.4,Default Fixed Rate,0,1513.64,350,Loan Servicing
7/31/2021,110067041,Diane G Condit,Non Conforming,21586.93,2/23/2016,2/23/2032,36000,36000,1,0,0,0.03375,74.79,1 Year T-Bill Weekly,0.0325,1017.34,230,Overland Park Loans
7/31/2021,110067546,Bradley M Crawford,Agency Conforming,43658.71,2/25/2020,2/25/2032,70400,70400,0,0,0,0.0725,61.55,Default Fixed Rate,0,2366.07,83,North Oak
7/31/2021,110069583,Arnita S Griffin,Non Conforming,21076.93,4/29/2020,4/29/2030,36100,36100,69,18,3,0.03375,73.03,1 Year T-Bill Weekly,0.0325,1220.31,204,Lees Summit Loans
7/31/2021,110069864,Jeffrey L Johnson,Non Conforming,18516.07,5/12/2020,5/12/2031,30100,30100,80,8,8,0.03375,64.16,1 Year T-Bill Weekly,0.0325,472.61,350,Loan Servicing
7/31/2021,110071506,Nancy M Laird,Non Conforming,84225.2,7/15/2016,7/15/2031,183250,183250,0,0,0,0.03375,291.82,1 Year T-Bill Weekly,0.0325,973.62,204,Lees Summit Loans
7/31/2021,110072934,Betty B Jenkins,Non Conforming,7865.46,8/24/2020,8/24/2036,76050,76050,0,0,0,0.035,28.25,1 Year T-Bill Weekly,0.0325,1951.59,204,Lees Summit Loans
7/31/2021,110073783,Mary B Stone,Agency Conforming,0,9/16/2018,9/16/2031,96150,96150,0,0,0,0.03,0,1 Year T-Bill Weekly,0.0275,0,350,Loan Servicing
7/31/2021,110074278,Heather L Sanders,Non Conforming,39982.83,9/30/2018,9/30/2029,63650,63650,88,14,4,0.03375,138.54,1 Year T-Bill Weekly,0.0325,1447.95,350,Loan Servicing
7/31/2021,110075184,Elizabeth J Washington,Agency Conforming,91.32,7/29/2016,7/29/2032,42750,42750,48,7,3,0.0325,0.8,6 Mos TBill Auction Avg,0.03,0,350,Loan Servicing
7/31/2021,110075440,Jean M Holly,Agency Conforming,7652.61,6/22/2016,6/22/2029,125670,125670,0,0,0,0.06,8.93,5 Year T-Bill Weekly,0.025,1363.52,350,Loan Servicing
7/31/2021,110075945,Helen M Hernandez,Non Conforming,22755.82,11/28/2018,11/28/2036,60000,60000,33,4,0,0.03375,142.42,1 Year T-Bill Weekly,0.0325,1339.98,240,St. Louis Loans
7/31/2021,110075978,Ed P Doyle,Non Conforming,50540.4,11/30/2016,11/30/2030,80000,80000,2,0,0,0.03375,175.12,1 Year T-Bill Weekly,0.0325,2437.95,83,North Oak
7/31/2021,110075986,Cleo J Parker,Non Conforming,34774.02,11/30/2019,11/30/2036,56000,56000,0,0,0,0.03375,22.82,1 Year T-Bill Weekly,0.0325,1558.44,204,Lees Summit Loans
7/31/2021,110076067,Jose D Manseau,Non Conforming,19168.36,12/7/2020,12/7/2034,94800,94800,0,0,0,0.02875,10.72,1 Year T-Bill Weekly,0.0275,3087.97,204,Lees Summit Loans
7/31/2021,110078477,John N Phelps,Non Conforming,24039.13,2/28/2016,2/28/2029,37800,37800,5,14,2,0.03375,15.78,1 Year T-Bill Weekly,0.0325,1077.62,204,Lees Summit Loans
7/31/2021,110078568,Johnny N Grunewald,Agency Conforming,55339.33,11/18/2020,11/18/2035,91503,91503,8,3,3,0.03625,205.92,1 Year T-Bill Weekly,0.035,1246.62,350,Loan Servicing
7/31/2021,110078808,Joseph E Nutter,Agency Conforming,0,6/24/2020,6/24/2031,25000,25000,2,0,0,0.03,0,1 Year T-Bill Weekly,0.02875,0,350,Loan Servicing
7/31/2021,110078931,Kimberly T Yung,Agency Conforming,13986.36,9/22/2017,9/22/2035,133200,133200,29,4,2,0.0325,45.79,6 Mos TBill Auction Avg,0.03,-892.68,350,Loan Servicing
7/31/2021,110078998,Maria B Rubio,Agency Conforming,8639.82,10/18/2017,10/18/2034,24000,24000,69,7,0,0.0975,86.39,Contract Rate,0.01,47.41,350,Loan Servicing
7/31/2021,110079103,Eric G Banks,Non Conforming,70215.53,3/10/2019,3/10/2033,109400,109400,26,4,1,0.03375,243.31,1 Year T-Bill Weekly,0.0325,1344.61,230,Overland Park Loans
7/31/2021,110080325,Erin E Thomas,Non Conforming,26417.55,5/10/2019,5/10/2035,46000,46000,2,0,0,0.03375,17.34,1 Year T-Bill Weekly,0.0325,690.21,230,Overland Park Loans
7/31/2021,110080812,Harvey K Hughes,Agency Conforming,35720.1,1/1/2016,1/1/2036,56250,56250,7,4,2,0.03125,481.11,1 Year T-Bill Weekly,0.03,1668.27,350,Loan Servicing
7/31/2021,110080994,Dolores J Spence,Non Conforming,16202.65,1/1/2018,1/1/2036,26900,26900,23,2,0,0.03125,9.85,1 Year T-Bill Weekly,0.03,49.6,350,Loan Servicing
7/31/2021,110084046,Tommy F Carver,Non Conforming,0,9/28/2020,9/28/2036,103500,103500,19,3,3,0.03375,0,1 Year T-Bill Weekly,0.0325,0,230,Overland Park Loans
7/31/2021,110084541,Robert V Lowenthal,Non Conforming,56760.75,10/10/2017,10/10/2033,91000,91000,77,1,0,0.02875,31.73,1 Year T-Bill Weekly,0.0275,282.67,204,Lees Summit Loans
7/31/2021,110084855,Debra G Mckinley,Non Conforming,0,11/28/2019,11/28/2032,63098,63098,1,0,0,0.03125,0,1 Year T-Bill Weekly,0.02875,0,350,Loan Servicing
7/31/2021,110084897,Neely B Robbins,Agency Conforming,113356.8,12/9/2018,12/9/2031,182064,182064,0,1,0,0.03,66.12,1 Year T-Bill Weekly,0.02875,0,350,Loan Servicing
7/31/2021,110084921,Charlene R Thrower,Non Conforming,46193.44,7/15/2020,7/15/2030,69284,69284,0,0,0,0.07625,68.49,Default Fixed Rate,0,965.48,350,Loan Servicing
7/31/2021,110084996,Daniel L Miller,Agency Conforming,8477.83,12/20/2020,12/20/2031,70000,70000,0,0,0,0.07875,12.98,Default Fixed Rate,0,1003.56,350,Loan Servicing
7/31/2021,110085134,Jason D Bunch,Non Conforming,0,1/20/2016,1/20/2029,94900,94900,0,0,0,0.08375,0,Default Fixed Rate,0,0,350,Loan Servicing
